Name,Tag,Num Decks
"Urza, Chief Artificer",Artifacts,10870
"Urtet, Remnant of Memnarch",Artifacts,10038
"Breya, Etherium Shaper",Artifacts,8723
"Urza, Lord High Artificer",Artifacts,5775
"Mishra, Eminent One",Artifacts,5357
"Osgir, the Reconstructor",Artifacts,4307
Imotekh the Stormlord,Artifacts,4005
"Karn, Legacy Reforged",Artifacts,3975
"Tetzin, Gnome Champion",Artifacts,3310
"Jhoira, Weatherlight Captain",Artifacts,3179
"Emry, Lurker of the Loch",Artifacts,2725
"Megatron, Tyrant",Artifacts,2664
"Graaz, Unstoppable Juggernaut",Artifacts,2645
"Chiss-Goria, Forge Tyrant",Artifacts,2626
"Iron Man, Titan of Innovation",Artifacts,2555
"Urza, Lord Protector",Artifacts,2445
"Daretti, Scrap Savant",Artifacts,2084
Imskir Iron-Eater,Artifacts,2027
"Shorikai, Genesis Engine",Vehicles,9783
Leonardo da Vinci,Artifacts,1931
"Liberator, Urza's Battlethopter",Artifacts,1779
"Urza, Prince of Kroog",Artifacts,1778
"Jhoira, Ageless Innovator",Artifacts,1608
"Alibou, Ancient Witness",Artifacts,1565
"Mr. House, President and CEO",Treasure,10632
"Magda, Brazen Outlaw",Treasure,9213
"Prosper, Tome-Bound",Treasure,8239
"Korvold, Fae-Cursed King",Treasure,6095
"Admiral Brass, Unsinkable",Pirates,4889
Admiral Beckett Brass,Pirates,4955
Edward Kenway,Treasure,4398
"Vihaan, Goldwaker",Treasure,4284
Rashmi and Ragavan,Treasure,3997
"Ziatora, the Incinerator",Treasure,3962
"Ognis, the Dragon's Lash",Treasure,3580
"Roxanne, Starfall Savant",Treasure,3098
"Olivia, Opulent Outlaw",Treasure,2942
"Vazi, Keen Negotiator",Treasure,2805
"Juri, Master of the Revue",Treasure,2716
"Jolene, the Plunder Queen",Treasure,2608
"Chatterfang, Squirrel General",Tokens,6686
"Don Andres, the Renegade",Treasure,2428
Galazeth Prismari,Treasure,2321
"Jan Jansen, Chaos Crafter",Treasure,2157
"Breeches, Brazen Plunderer // Malcolm, Keen-Eyed Navigator",Pirates,2366
"Ragavan, Nimble Pilferer",Treasure,1991
Laughing Jasper Flint,Treasure,1935
"Evereth, Viceroy of Plunder",Treasure,1863
"Baylen, the Haymaker",Tokens,6151
"Caesar, Legion's Emperor",Tokens,5597
Marneus Calgar,Tokens,5119
"Jetmir, Nexus of Revels",Tokens,4696
"Adrix and Nev, Twincasters",Tokens,4250
"Jinnie Fay, Jetmir's Second",Tokens,3067
"Brenard, Ginger Sculptor",Tokens,2866
"Brudiclad, Telchor Engineer",Tokens,2696
"Arabella, Abandoned Doll",Tokens,2562
"Neyali, Suns' Vanguard",Tokens,2551
"Trostani, Selesnya's Voice",Tokens,2407
"Kambal, Profiteering Mayor",Tokens,2370
"Cadira, Caller of the Small",Tokens,2336
"Esix, Fractal Bloom",Tokens,2234
"Extus, Oriq Overlord",Tokens,2138
Hazel of the Rootbloom,Tokens,2024
Rhys the Redeemed,Tokens,1751
"Ghired, Mirror of the Wilds",Tokens,1607
"Mondrak, Glory Dominus",Tokens,1592
"Zinnia, Valley's Voice",Tokens,1508
"Ghired, Conclave Exile",Populate,1501
"Thalisse, Reverent Medium",Tokens,1298
Magnus the Red,Spellslinger,1662
Shalai and Hallar,+1/+1 Counters,7605
"Skullbriar, the Walking Grave",+1/+1 Counters,4969
"Atraxa, Praetors' Voice",Infect,12748
The Wise Mothman,Mill,4816
"Gargos, Vicious Watcher",+1/+1 Counters,3615
Magus Lucea Kane,X Spells,6430
"Hamza, Guardian of Arashin",+1/+1 Counters,3325
"Chishiro, the Shattered Blade",+1/+1 Counters,3295
"Ezuri, Claw of Progress",+1/+1 Counters,3171
"Animar, Soul of Elements",+1/+1 Counters,3158
"Bright-Palm, Soul Awakener",+1/+1 Counters,3036
Sovereign Okinec Ahau,+1/+1 Counters,2757
"Marchesa, the Black Rose",+1/+1 Counters,2679
"Vorinclex, Monstrous Raider",+1/+1 Counters,2420
"Falco Spara, Pactweaver",+1/+1 Counters,2215
Hakbal of the Surging Soul,Merfolk,12757
"Minsc & Boo, Timeless Heroes",+1/+1 Counters,1835
"Kyler, Sigardian Emissary",Humans,4228
"Halana and Alena, Partners",+1/+1 Counters,1793
"Lae'zel, Vlaakith's Champion // Master Chef",+1/+1 Counters,1784
The Swarmlord,+1/+1 Counters,1740
"Helga, Skittish Seer",+1/+1 Counters,1572
"Bristly Bill, Spine Sower",+1/+1 Counters,1514
"Kros, Defense Contractor",+1/+1 Counters,1419
"Frodo, Adventurous Hobbit // Sam, Loyal Attendant",Lifegain,13498
Edgar Markov,Vampires,20648
"Oloro, Ageless Ascetic",Lifegain,8479
"Liesa, Shroud of Dusk",Lifegain,6975
"Giada, Font of Hope",Angels,15043
"Dina, Soul Steeper",Lifegain,5934
"Clavileño, First of the Blessed",Vampires,6142
"Bilbo, Birthday Celebrant",Lifegain,5239
"Lathiel, the Bounteous Dawn",Lifegain,3931
"Will, Scion of Peace",Lifegain,3931
"Astarion, the Decadent",Lifegain,3835
"K'rrik, Son of Yawgmoth",Lifegain,3521
Karlov of the Ghost Council,Lifegain,3428
Amalia Benavides Aguirre,Lifegain,3398
"Zoraline, Cosmos Caller",Lifegain,3203
Sorin of House Markov,Lifegain,2763
"Vito, Thorn of the Dusk Rose",Lifegain,2620
"Elas il-Kor, Sadistic Pilgrim",Lifegain,2215
"Licia, Sanguine Tribune",Lifegain,2183
"Heliod, Sun-Crowned",Lifegain,2141
"Merry, Warden of Isengard // Pippin, Warden of Isengard",Lifegain,2067
"Trelasarra, Moon Dancer",Lifegain,1871
"Elenda, the Dusk Rose",Vampires,2436
Beledros Witherbloom,Lifegain,1725
"Nahiri, Forged in Fury",Equipment,6365
"Syr Gwyn, Hero of Ashvale",Equipment,6303
"Ardenn, Intrepid Archaeologist // Rograkh, Son of Rohgahh",Equipment,5289
"Captain America, First Avenger",Equipment,4272
"Dogmeat, Ever Loyal",Equipment,3852
"Galea, Kindler of Hope",Equipment,3154
"Arna Kennerüd, Skycaptain",Equipment,2945
"Slicer, Hired Muscle",Equipment,2899
"Balan, Wandering Knight",Equipment,2867
"Wyleth, Soul of Steel",Equipment,2455
Bruenor Battlehammer,Equipment,2410
"Tetsuo, Imperial Champion",Equipment,2226
"Alexios, Deimos of Kosmos",Equipment,2149
Zurgo Helmsmasher,Equipment,2115
"Kellan, the Fae-Blooded",Equipment,1973
"Mabel, Heir to Cragflame",Mice,1854
"Valduk, Keeper of the Flame",Equipment,1581
"Isshin, Two Heavens as One",Samurai,1827
"Raiyuu, Storm's Edge",Equipment,1404
"Kemba, Kha Regent",Equipment,1198
"Sram, Senior Edificer",Equipment,1135
"Akiri, Fearless Voyager",Equipment,1133
"Arahbo, Roar of the World",Cats,6293
Teysa Karlov,Aristocrats,11317
Meren of Clan Nel Toth,Aristocrats,8033
"Shirei, Shizo's Caretaker",Aristocrats,3616
"Yawgmoth, Thran Physician",Aristocrats,2447
Slimefoot and Squee,Aristocrats,2125
"Savra, Queen of the Golgari",Aristocrats,2094
"Ayara, First of Locthwain",Aristocrats,1995
"Braids, Arisen Nightmare",Aristocrats,1858
"Wilhelt, the Rotcleaver",Zombies,15546
"Henzie ""Toolbox"" Torre",Aristocrats,1372
"Ygra, Eater of All",Sacrifice,4600
"Prossh, Skyraider of Kher",Aristocrats,1288
"Raphael, Fiendish Savior",Aristocrats,1214
"Athreos, God of Passage",Shadowborn Apostles,2879
"Teysa, Orzhov Scion",Aristocrats,1171
"Endrek Sahr, Master Breeder",Aristocrats,1008
"Carmen, Cruel Skymarcher",Sacrifice,1383
Massacre Girl,Aristocrats,903
"Stella Lee, Wild Card",Spellslinger,5440
"Veyran, Voice of Duality",Spellslinger,4244
"Niv-Mizzet, Parun",Spellslinger,3552
Mizzix of the Izmagnus,Spellslinger,2937
"Anhelo, the Painter",Spellslinger,2903
"Storm, Force of Nature",Spellslinger,2893
Riku of Many Paths,Spellslinger,2353
"Kalamax, the Stormsire",Spell Copy,2593
"Kess, Dissident Mage",Spellslinger,2186
"Zevlor, Elturel Exile",Spellslinger,2150
"Krark, the Thumbless // Sakashima of a Thousand Faces",Spellslinger,2047
"Zethi, Arcane Blademaster",Spellslinger,2027
"Bria, Riptide Rogue",Spellslinger,1785
"Codie, Vociferous Codex",Spellslinger,1757
"Talrand, Sky Summoner",Spellslinger,1730
"Hinata, Dawn-Crowned",Spellslinger,1726
"Alania, Divergent Storm",Spellslinger,1507
Urabrask,Spellslinger,1492
"Ghyrson Starn, Kelermorph",Burn,5096
"Balmor, Battlemage Captain",Spellslinger,1416
"Vadrik, Astral Archmage",Spellslinger,1400
"Kykar, Wind's Fury",Spellslinger,1398
"Eris, Roar of the Storm",Spellslinger,1384
"Nekusar, the Mindrazer",Wheels,16248
"Xyris, the Writhing Storm",Wheels,6043
"Sheoldred, the Apocalypse",Wheels,5585
The Locust God,Wheels,4264
"Queza, Augur of Agonies",Wheels,3717
"Minn, Wily Illusionist",Wheels,3520
"Heliod, the Radiant Dawn",Wheels,3221
Ms. Bumbleflower,Wheels,3110
"Kwain, Itinerant Meddler",Wheels,2975
"Raffine, Scheming Seer",Wheels,1887
"Winter, Misanthropic Guide",Wheels,1716
The Council of Four,Wheels,1680
Kynaios and Tiro of Meletis,Group Hug,2487
"Brallin, Skyshark Rider // Shabraz, the Skyshark",Wheels,1570
Elenda and Azor,Wheels,1503
"Ian Malcolm, Chaotician",Wheels,1460
Kami of the Crescent Moon,Wheels,1328
The Watcher in the Water,Wheels,1221
"Arjun, the Shifting Flame",Wheels,1163
"Alandra, Sky Dreamer",Wheels,1146
"Zurzoth, Chaos Rider",Wheels,931
"Sokrates, Athenian Teacher",Wheels,805
"Sauron, the Dark Lord",Zombies,8614
The Necrobloom,Lands Matter,6960
Lord Windgrace,Lands Matter,5752
"Hazezon, Shaper of Sand",Lands Matter,5688
"Omo, Queen of Vesuva",Lands Matter,4587
"Yuma, Proud Protector",Lands Matter,4362
Thalia and The Gitrog Monster,Lands Matter,3843
Nine-Fingers Keene,Lands Matter,3786
"Omnath, Locus of Creation",Landfall,6468
"Aesi, Tyrant of Gyre Strait",Landfall,3024
The Gitrog Monster,Lands Matter,1924
Child of Alara,Lands Matter,1904
"Tatyova, Benthic Druid",Lands Matter,1821
"Flubs, the Fool",Lands Matter,1812
"Omnath, Locus of All",Lands Matter,1555
Soul of Windgrace,Lands Matter,1518
"Omnath, Locus of Rage",Landfall,1876
Zimone and Dina,Landfall,2163
"Jolrael, Voice of Zhalfir",Lands Matter,1286
"Yarok, the Desecrated",Landfall,1841
"Archelos, Lagoon Mystic",Lands Matter,1168
"Slogurk, the Overslime",Lands Matter,952
"Omnath, Locus of the Roil",Elementals,1470
"Titania, Voice of Gaea",Lands Matter,890
"Azusa, Lost but Seeking",Landfall,869
Eriette of the Charmed Apple,Auras,13807
"Light-Paws, Emperor's Voice",Auras,7245
Ellivere of the Wild Court,Auras,3833
"Uril, the Miststalker",Auras,3350
"Eriette, the Beguiler",Auras,2681
"Ivy, Gleeful Spellthief",Auras,2280
"Sythis, Harvest's Hand",Enchantress,6991
Zur the Enchanter,Auras,2201
"Bruna, Light of Alabaster",Auras,2180
"Killian, Ink Duelist",Auras,1961
"Three Dog, Galaxy News DJ",Auras,1941
"Stangg, Echo Warrior",Auras,1866
"Thrun, Breaker of Silence",Auras,1854
"Mazzy, Truesword Paladin",Auras,1814
Tuvasa the Sunlit,Enchantress,2582
"Yenna, Redtooth Regent",Auras,1785
"Calix, Guided by Fate",Auras,1725
"Tatsunari, Toad Rider",Enchantress,1834
"Estrid, the Masked",Auras,1490
"Preston Garvey, Minuteman",Auras,1187
"Gylwain, Casting Director",Auras,1156
"Kaima, the Fractured Calm",Auras,1114
"Muldrotha, the Gravetide",Sacrifice,4505
"Tergrid, God of Fright",Discard,3086
"Gyome, Master Chef",Sacrifice,1712
"Camellia, the Seedmiser",Sacrifice,1469
"Rakdos, the Muscle",Sacrifice,1410
"Mazirek, Kraul Death Priest",Sacrifice,1236
Ashnod the Uncaring,Sacrifice,1214
"Sméagol, Helpful Guide",Sacrifice,1194
"Greta, Sweettooth Scourge",Sacrifice,1182
"Ulalek, Fused Atrocity",Eldrazi,10943
"Titania, Protector of Argoth",Sacrifice,1067
"Korvold, Gleeful Glutton",Sacrifice,1035
"Jeska, Thrice Reborn // Tymna the Weaver",Sacrifice,653
"Minthara, Merciless Soul",Sacrifice,645
The Ur-Dragon,Dragons,21965
"Miirym, Sentinel Wyrm",Dragons,16178
Tiamat,Dragons,4258
"Atarka, World Render",Dragons,2904
Rivaz of the Claw,Dragons,2702
"Lathliss, Dragon Queen",Dragons,1851
Scion of the Ur-Dragon,Dragons,1731
"Ganax, Astral Hunter // Acolyte of Bahamut",Dragons,1430
"Firkraag, Cunning Instigator",Dragons,1226
"Sarkhan, Soul Aflame",Dragons,1195
"Sivitri, Dragon Master",Dragons,1189
Zurgo and Ojutai,Dragons,1120
"Klauth, Unrivaled Ancient",Dragons,889
"Vrondiss, Rage of Ancients",Dragons,871
"Rith, Liberated Primeval",Dragons,855
"Morophon, the Boundless",Shapeshifters,1116
Kaalia of the Vast,Flying,5155
"Ganax, Astral Hunter // Feywild Visitor",Dragons,607
"Karrthus, Tyrant of Jund",Dragons,551
Zirilan of the Claw,Dragons,502
"Atla Palani, Nest Tender",Dinosaurs,5106
"Renari, Merchant of Marvels // Acolyte of Bahamut",Dragons,434
"Lozhan, Dragons' Legacy",Dragons,431
Thrakkus the Butcher,Dragons,371
Captain N'ghathrod,Horrors,10011
"Sidisi, Brood Tyrant",Mill,3346
The Mycotyrant,Mill,3033
"Phenax, God of Deception",Toughness Matters,3272
"Coram, the Undertaker",Mill,2266
The Mindskinner,Mill,2083
Bruvac the Grandiloquent,Persistent Petitioners,2464
"Winter, Cynical Opportunist",Mill,1628
"The Master, Transcendent",Mill,1616
"Grolnok, the Omnivore",Frogs,1938
The Ancient One,Mill,1378
Araumi of the Dead Tide,Mill,1366
Disa the Restless,Graveyard,1965
"Lazav, Dimir Mastermind",Mill,1312
Saruman of Many Colors,Mill,1299
"Syr Konrad, the Grim",Mill,1251
The Mimeoplasm,Mill,1235
"Anowon, the Ruin Thief",Rogues,5417
"Lord Xander, the Collector",Mill,1026
"Zellix, Sanity Flayer // Haunted One",Mill,913
"Mirko Vosk, Mind Drinker",Mill,751
"Jarad, Golgari Lich Lord",Graveyard,1096
"Jodah, the Unifier",Legends,12575
"Aragorn, the Uniter",Legends,7577
"Dihada, Binder of Wills",Legends,5905
Ezio Auditore da Firenze,Assassins,7752
Ratadrabik of Urborg,Legends,3204
"Sisay, Weatherlight Captain",Historic,2893
"Esika, God of the Tree",Planeswalkers,3697
"Shanid, Sleepers' Scourge",Legends,1465
Saskia the Unyielding,Legends,1306
Djeru and Hazoret,Legends,1049
"Kethis, the Hidden Hand",Legends,1017
"Niv-Mizzet, Guildpact",Legends,925
"Kenrith, the Returned King",Birthing Pod,1591
"Reyhan, Last of the Abzan // Yoshimaru, Ever Faithful",Legends,839
The Fourteenth Doctor // Rose Noble,Legends,777
"Cadric, Soul Kindler",Legends,741
The Fourteenth Doctor // Clara Oswald,Legends,671
Samwise Gamgee,Legends,670
"Casal, Lurkwood Pathfinder",Legends,648
"Havi, the All-Father",Legends,617
"Anikthea, Hand of Erebos",Enchantress,9468
Go-Shintai of Life's Origin,Enchantress,9205
Marina Vendrell,Enchantress,4541
"Aminatou, Veil Piercer",Enchantress,2598
"Zur, Eternal Schemer",Enchantress,2576
The Master of Keys,Enchantress,1285
Daxos the Returned,Enchantress,1032
"Wildsear, Scouring Maw",Enchantress,980
"Bello, Bard of the Brambles",Enchantress,906
"Ghen, Arcanum Weaver",Enchantress,844
"Alela, Artful Provocateur",Faeries,2427
"Narci, Fable Singer",Sagas,3596
Tom Bombadil,Sagas,13628
"Victor, Valgavoth's Seneschal",Enchantress,685
"Myrkul, Lord of Bones",Birthing Pod,599
"Lathril, Blade of the Elves",Elves,19102
"Voja, Jaws of the Conclave",Elves,10613
"Marwyn, the Nurturer",Elves,4415
"Galadriel, Light of Valinor",Elves,4153
Tyvar the Bellicose,Elves,2529
"Ezuri, Renegade Leader",Elves,2158
"Galadriel, Elven-Queen",Elves,1969
Abomination of Llanowar,Elves,1539
"Elrond, Master of Healing",Topdeck,2018
Galadriel of Lothlórien,Topdeck,3469
"Freyalise, Llanowar's Fury",Elves,1256
"Dionus, Elvish Archdruid",Elves,824
Nath of the Gilt-Leaf,Elves,612
"Eladamri, Lord of Leaves",Elves,510
"Omnath, Locus of Mana",Elves,466
"Eladamri, Korvecdal",Elves,391
Elrond of the White Council,Elves,383
Arwen Undómiel,Topdeck,633
"Imaryll, Elfhame Elite",Elves,327
"Raggadragga, Goreguts Boss",Druids,335
"Miara, Thorn of the Glade // Numa, Joraga Chieftain",Elves,285
Erestor of the Council,Elves,284
The Scarab God,Zombies,7321
"Varina, Lich Queen",Zombies,5752
Gisa and Geralf,Zombies,4144
"Saruman, the White Hand",Zombies,2662
Ghoulcaller Gisa,Zombies,2006
"Grimgrin, Corpse-Born",Zombies,1815
"Liliana, Heretical Healer",Zombies,1406
"Gisa, the Hellraiser",Zombies,1118
"Temmet, Naktamun's Will",Zombies,688
"Zul Ashur, Lich Lord",Zombies,686
"Nevinyrral, Urborg Tyrant",Zombies,671
"Narfi, Betrayer King",Snow,631
"Sauron, Lord of the Rings",Reanimator,509
Thraximundar,Zombies,421
"Mikaeus, the Unhallowed",Zombies,400
"Enkira, Hostile Scavenger",Zombies,274
"Nicol Bolas, the Ravager",Planeswalkers,2291
"Hashaton, Scarab's Fist",Discard,1279
"Mauhúr, Uruk-hai Captain",Zombies,216
"Kinnan, Bonder Prodigy",cEDH,686
"Krenko, Mob Boss",Goblins,20048
"Thrasios, Triton Hero // Tymna the Weaver",Birthing Pod,2491
"Atraxa, Grand Unifier",Blink,2094
"Tivit, Seller of Secrets",Politics,2418
"Kraum, Ludevic's Opus // Tymna the Weaver",cEDH,643
"Rograkh, Son of Rohgahh // Silas Renn, Seeker Adept",cEDH,441
"Najeela, the Blade-Blossom",Warriors,3438
"Inalla, Archmage Ritualist",Wizards,5459
"Yuriko, the Tiger's Shadow",Ninjutsu,17236
"Tayam, Luminous Enigma",Combo,331
"Ob Nixilis, Captive Kingpin",cEDH,329
"Tasigur, the Golden Fang",Birthing Pod,2582
"Derevi, Empyrial Tactician",Birthing Pod,1837
"Rocco, Cabaretti Caterer",Birthing Pod,1747
"Nadu, Winged Wisdom",Birthing Pod,1424
"Tana, the Bloodsower // Tymna the Weaver",Birthing Pod,1309
"Bruse Tarl, Boorish Herder // Thrasios, Triton Hero",Birthing Pod,1244
"Rograkh, Son of Rohgahh // Thrasios, Triton Hero",Birthing Pod,1104
"Dargo, the Shipwrecker // Thrasios, Triton Hero",Birthing Pod,1019
"Malcolm, Keen-Eyed Navigator // Tana, the Bloodsower",Birthing Pod,940
Prime Speaker Vannifar,Birthing Pod,717
"Karador, Ghost Chieftain",Birthing Pod,708
"Thrasios, Triton Hero // Vial Smasher the Fierce",Birthing Pod,624
"Chulane, Teller of Tales",Birthing Pod,616
"Imodane, the Pyrohammer",Burn,5703
"Judith, Carnage Connoisseur",Burn,4447
"Ojer Axonil, Deepest Might",Burn,3774
"Solphim, Mayhem Dominus",Burn,2673
Firesong and Sunspeaker,Burn,1900
"Torbran, Thane of Red Fell",Burn,1805
"Taii Wakeen, Perfect Shot",Burn,1716
"Neheb, the Eternal",Burn,1605
"Aegar, the Freezing Flame",Giants,1633
"Niv-Mizzet, Visionary",Burn,850
"Gev, Scaled Scorch",Lizards,2651
Tor Wauki the Younger,Burn,719
"Indoraptor, the Perfect Hybrid",Dragon's Approach,834
"Toralf, God of Fury",Burn,650
"Valgavoth, Harrower of Souls",Group Slug,909
"Rem Karolus, Stalwart Slayer",Burn,393
"Obosh, the Preypiercer",Burn,391
"Chandra, Fire of Kaladesh",Planeswalkers,1681
"Ashling, Flame Dancer",Spell Copy,990
"Strefan, Maurer Progenitor",Vampires,4818
"Evelyn, the Covetous",Vampires,2222
"Olivia, Crimson Bride",Vampires,1227
"Edgar, Charmed Groom",Vampires,1053
"Anje, Maid of Dishonor",Vampires,987
Olivia Voldaren,Vampires,908
"Timothar, Baron of Bats",Vampires,408
"Drana, Liberator of Malakir",Vampires,253
"Anowon, the Ruin Sage",Vampires,236
"Mathas, Fiend Seeker",Vampires,226
"Olivia, Mobilized for War",Madness,291
"Vito, Fanatic of Aclazotz",Vampires,183
"Elenda, Saint of Dusk",Vampires,173
"Gishath, Sun's Avatar",Dinosaurs,16758
"Pantlaza, Sun-Favored",Dinosaurs,15390
"Owen Grady, Raptor Trainer // Blue, Loyal Raptor",Dinosaurs,2856
"Wayta, Trainer Prodigy",Dinosaurs,1560
"Zacama, Primal Calamity",Dinosaurs,1511
"Huatli, Poet of Unity",Dinosaurs,905
"Etali, Primal Conqueror",Clones,532
"Ghalta, Primal Hunger",Stompy,389
Ghalta and Mavren,Dinosaurs,194
"Zilortha, Strength Incarnate",Power,784
"Itzquinth, Firstborn of Gishath",Dinosaurs,122
"Ellie and Alan, Paleontologists",Discard,602
"Ghalta, Stampede Tyrant",Dinosaurs,97
"Indominus Rex, Alpha",Keywords,532
Mayael the Anima,Big Mana,680
"Jodah, Archmage Eternal",Big Mana,2923
"Marath, Will of the Wild",Beasts,62
The Tarrasque,Fight,51
"Winota, Joiner of Forces",Hatebears,1875
"Tovolar, Dire Overlord",Werewolves,7838
"Éowyn, Shieldmaiden",Humans,8024
"Xenagos, God of Revels",Extra Combats,1132
"Zada, Hedron Grinder",Goblins,1629
Goro-Goro and Satoru,Ninjutsu,3712
"Ixhel, Scion of Atraxa",Infect,5307
"Vishgraz, the Doomhive",Infect,3561
"Fynn, the Fangbearer",Deathtouch,6929
"Brimaz, Blight of Oreskos",Phyrexians,5405
"Skithiryx, the Blight Dragon",Infect,1203
"Venser, Corpse Puppet",Infect,1005
"Skrelv, Defector Mite",Infect,903
"Ezuri, Stalker of Spheres",Infect,896
"Karumonix, the Rat King",Rats,3441
"Glissa, Herald of Predation",Infect,567
Agent Frank Horrigan,Infect,542
"Ria Ivor, Bane of Bladehold",Infect,518
"Xavier Sal, Infested Captain",Planeswalkers,1020
"Tetsuko Umezawa, Fugitive",Infect,470
"Tekuthal, Inquiry Dominus",Planeswalkers,864
"Volrath, the Shapestealer",-1/-1 Counters,554
"Jon Irenicus, Shattered One",Stompy,1651
"Brokkos, Apex of Forever",Mutate,512
"Ramses, Assassin Lord",Assassins,1304
"Toxrill, the Corrosive",-1/-1 Counters,619
Elesh Norn,Phyrexians,878
"Silvar, Devourer of the Free // Trynn, Champion of Freedom",Humans,2953
"Aragorn, King of Gondor",Monarch,2808
Katilda and Lier,Humans,1462
"Katilda, Dawnhart Prime",Humans,1302
"Greymond, Avacyn's Stalwart",Humans,1129
Jirina Kudro,Humans,1010
"Sigarda, Font of Blessings",Angels,1290
"Théoden, King of Rohan",Humans,562
"Adeline, Resplendent Cathar",Humans,561
"Leinore, Autumn Sovereign",Humans,540
"Goldbug, Humanity's Ally",Humans,498
Queen Marchesa,Monarch,4386
"Sigarda, Champion of Light",Humans,406
"Éomer, King of Rohan",Humans,371
General Kudro of Drannith,Humans,367
Sefris of the Hidden Ways,Reanimator,1670
Old Stickfingers,Reanimator,668
Sidar Jabari of Zhalfir,Knights,13244
Kroxa and Kunoros,Reanimator,542
"Mirko, Obsessive Theorist",Topdeck,4679
"Firja, Judge of Valor",Reanimator,477
"Nethroi, Apex of Death",Mutate,1019
"Chainer, Nightmare Adept",Graveyard,528
"Alesha, Who Smiles at Death",Reanimator,413
"Obuun, Mul Daya Ancestor",Landfall,2032
"Karametra, God of Harvests",Landfall,1478
"Bonny Pall, Clearcutter",Landfall,672
"Phylath, World Sculptor",Landfall,671
"Kodama of the East Tree // Toggo, Goblin Weaponsmith",Landfall,524
"Ashaya, Soul of the Wild",Landfall,399
"Mina and Denn, Wildborn",Landfall,398
Commodore Guff,Planeswalkers,5719
Carth the Lion,Planeswalkers,2730
"Leori, Sparktouched Hunter",Planeswalkers,1161
Jared Carthalion,Jegantha Companion,776
"Tomik, Wielder of Law",Planeswalkers,718
"Pramikon, Sky Rampart",Toughness Matters,1151
"Narset, Enlightened Master",Extra Turns,1413
"Aminatou, the Fateshifter",Blink,1635
Rowan Kenrith // Will Kenrith,Planeswalkers,395
"Mila, Crafty Companion",Planeswalkers,394
"Djeru, With Eyes Open",Planeswalkers,283
"Jace, Vryn's Prodigy",Planeswalkers,264
"Kytheon, Hero of Akros",Planeswalkers,247
"Orvar, the All-Form",Cantrips,2056
Lord of the Nazgûl,Cantrips,1874
"Octavia, Living Thesis",Cantrips,1242
The Howling Abomination,Cantrips,1092
"Geralf, the Fleshwright",Cantrips,677
"Narset, Enlightened Exile",Prowess,2164
"Delney, Streetwise Lookout",Cantrips,565
"Alela, Cunning Conqueror",Faeries,8591
Jin-Gitaxias,Cantrips,464
"Tamiyo, Inquisitive Student",Cantrips,387
"Tinybones, Trinket Thief",Discard,4122
"Tinybones, Bauble Burglar",Discard,1736
"Oskar, Rubbish Reclaimer",Discard,1642
"Rielle, the Everwise",Discard,1480
"Aclazotz, Deepest Betrayal",Discard,1243
"Kroxa, Titan of Death's Hunger",Discard,1079
Asmoranomardicadaistinaculdacar,Discard,1062
The Raven Man,Discard,720
"Captain Howler, Sea Scourge",Discard,718
"Toluz, Clever Conductor",Discard,630
"Gavi, Nest Warden",Cycling,2566
"Tinybones, the Pickpocket",Discard,457
"Crosis, the Purger",Discard,354
"Tourach, Dread Cantor",Discard,349
"Inti, Seneschal of the Sun",Discard,332
"Zhulodok, Void Gorger",Big Mana,8430
"Imoti, Celebrant of Bounty",Big Mana,2748
Jhoira of the Ghitu,Big Mana,1266
"Kozilek, the Great Distortion",Eldrazi,2339
The Infamous Cruelclaw,Big Mana,839
Maelstrom Wanderer,Cascade,1700
"Kona, Rescue Beastie",Big Mana,585
"Marvo, Deep Operative",Topdeck,1416
"Braids, Conjurer Adept",Big Mana,485
"Svella, Ice Shaper",Land Destruction,356
"Belbe, Corrupted Observer",Big Mana,344
"Ulamog, the Ceaseless Hunger",Eldrazi,570
"Yennett, Cryptic Sovereign",Topdeck,2019
"Radha, Heir to Keld",Chaos,541
Alaundo the Seer,Big Mana,195
"Brago, King Eternal",Blink,2477
"Elesh Norn, Mother of Machines",Blink,2152
"Abdel Adrian, Gorion's Ward // Candlekeep Sage",Blink,2100
"Preston, the Vanisher",Blink,1860
"Niko, Light of Hope",Blink,1591
Roon of the Hidden Realm,Blink,1262
"Yorion, Sky Nomad",Blink,1038
"Lagrella, the Magpie",Blink,796
"Phelia, Exuberant Shepherd",Blink,633
"Ephara, God of the Polis",Blink,442
Ranar the Ever-Watchful,Foretell,2564
"Genku, Future Shaper",Blink,425
"Hama Pashar, Ruin Seeker",Blink,419
"Abuelo, Ancestral Echo",Blink,367
"Oji, the Exquisite Blade",Blink,319
Garth One-Eye,Blink,276
"Beza, the Bounding Spring",Blink,266
"Wort, Boggart Auntie",Goblins,1636
"Muxus, Goblin Grandee",Goblins,1342
"Purphoros, God of the Forge",Goblins,1204
"Krenko, Tin Street Kingpin",Goblins,927
"Grenzo, Dungeon Warden",Goblins,682
Shattergang Brothers,Goblins,675
"Krenko, Baron of Tin Street",Goblins,646
"General Kreat, the Boltbringer",Goblins,482
"Ib Halfheart, Goblin Tactician",Goblins,471
"Gut, True Soul Zealot // Haunted One",Goblins,403
"Rulik Mons, Warren Chief",Goblins,398
Pashalik Mons,Goblins,344
"Ovika, Enigma Goliath",Goblins,277
"Grenzo, Havoc Raiser",Goblins,235
"Wort, the Raidmother",Spell Copy,302
"Grumgully, the Generous",Goblins,212
Uglúk of the White Hand,Goblins,201
"Mishra, Claimed by Gix",Goblins,199
"Arcades, the Strategist",Toughness Matters,14538
"Doran, the Siege Tower",Toughness Matters,3852
The Pride of Hull Clade,Toughness Matters,2176
"Shelob, Child of Ungoliant",Spiders,8481
"Charix, the Raging Isle",Toughness Matters,1043
"Geralf, Visionary Stitcher",Toughness Matters,917
"Plagon, Lord of the Beach",Toughness Matters,903
Rasaad yn Bashir // Dungeon Delver,Toughness Matters,498
"Tadeas, Juniper Ascendant",Toughness Matters,465
"Baldin, Century Herdmaster",Toughness Matters,438
"Ikra Shidiqi, the Usurper // Sidar Kondo of Jamuraa",Toughness Matters,313
Bill the Pony,Toughness Matters,233
Rasaad yn Bashir // Sword Coast Sailor,Toughness Matters,193
Sapling of Colfenor,Toughness Matters,175
"Ikra Shidiqi, the Usurper // Ishai, Ojutai Dragonspeaker",Toughness Matters,154
"Colfenor, the Last Yew",Treefolk,256
"Thantis, the Warweaver",Spiders,376
"Azlask, the Swelling Scourge",Eldrazi,5498
"Kruphix, God of Horizons",Eldrazi,469
"Emrakul, the Promised End",Eldrazi,390
"Ulamog, the Defiler",Eldrazi,374
"Kozilek, Butcher of Truth",Eldrazi,339
"Rakdos, Lord of Riots",Demons,970
Vela the Night-Clad,Eldrazi,207
"Vannifar, Evolved Enigma",Morph,286
"Herigast, Erupting Nullkite",Eldrazi,143
"Ulamog, the Infinite Gyre",Eldrazi,140
"Umbris, Fear Manifest",Exile,3380
"Faldorn, Dread Wolf Herald",Exile,3165
The Tenth Doctor // Rose Tyler,Exile,2870
"Tasha, the Witch Queen",Exile,2104
"Rocco, Street Chef",Exile,2055
"Pia Nalaar, Consul of Revival",Exile,1133
"Gonti, Canny Acquisitor",Exile,889
"Ketramose, the New Dawn",Exile,704
"Jeleva, Nephalia's Scourge",Exile,670
"Loot, the Key to Everything",Exile,586
"Valki, God of Lies",Exile,505
The War Doctor // Clara Oswald,Exile,478
The War Doctor // Ryan Sinclair,Exile,434
Durnan of the Yawning Portal // Passionate Archaeologist,Exile,373
The Eleventh Doctor // Amy Pond,Exile,361
"Laelia, the Blade Reforged",Chaos,376
Abaddon the Despoiler,Chaos,1520
"Xanathar, Guild Kingpin",Theft,244
Sen Triplets,Theft,501
"The War Doctor // K-9, Mark I",Exile,210
"Shilgengar, Sire of Famine",Angels,2602
"Avacyn, Angel of Hope",Angels,1185
Lyra Dawnbringer,Angels,869
"Aurelia, the Warleader",Angels,804
"Gisela, Blade of Goldnight",Angels,666
"Bruna, the Fading Light",Angels,560
"Liesa, Forgotten Archangel",Angels,435
"Sephara, Sky's Blade",Flying,921
"Gisela, the Broken Blade",Angels,298
"Tariel, Reckoner of Souls",Angels,297
Rodolf Duskbringer,Angels,174
"Aurelia, the Law Above",Angels,170
"Shalai, Voice of Plenty",Angels,167
Errant and Giada,Flying,2057
"Kaalia, Zenith Seeker",Angels,147
Elminster,Topdeck,2875
"Kenessos, Priest of Thassa",Topdeck,2341
"Neera, Wild Mage",Topdeck,1108
"Eligeth, Crossroads Augur // Siani, Eye of the Storm",Topdeck,958
River Song,Topdeck,519
"Eligeth, Crossroads Augur // Kydele, Chosen of Kruphix",Topdeck,491
"Glarb, Calamity's Augur",Frogs,1169
"Eligeth, Crossroads Augur // Esior, Wardwing Familiar",Topdeck,178
"Legolas, Counter of Kills",Topdeck,166
"Intet, the Dreamer",Topdeck,147
Hidetsugu and Kairi,Clones,1098
Elsha of the Infinite,Prowess,340
"Melek, Izzet Paragon",Spell Copy,371
Hylda of the Icy Crown,Snow,1191
"Talion, the Kindly Lord",Faeries,1378
Grand Arbiter Augustin IV,Stax,3237
"Baral, Chief of Compliance",Counterspells,2271
Rafiq of the Many,Exalted,1228
Yargle and Multani,Voltron,552
"Kosei, Penitent Warlord",Voltron,392
"Wolverine, Best There Is",Fight,1088
"Feather, the Redeemed",Sunforger,5437
"Wilson, Refined Grizzly // Raised by Giants",Voltron,307
Sergeant John Benton,Voltron,277
"Haldan, Avid Arcanist // Pako, Arcane Retriever",Extra Combats,323
"Obeka, Splitter of Seconds",Monarch,720
"Zimone, Mystery Unraveler",Morph,704
"The Master, Multiplied",Clones,2134
"Obeka, Brute Chronologist",Clones,1998
"Gyruda, Doom of Depths",Clones,923
Riku of Two Reflections,Clones,781
Sakashima of a Thousand Faces // Vial Smasher the Fierce,Clones,676
"Sakashima of a Thousand Faces // Tormod, the Desecrator",Clones,367
Sakashima the Impostor,Clones,358
"Be'lakor, the Dark Master",Demons,8908
"Volo, Guide to Monsters",Clones,309
"Koma, Cosmos Serpent",Clones,303
Moritte of the Frost,Shapeshifters,255
"Keiga, the Tide Star",Clones,236
"Zaxara, the Exemplary",X Spells,9901
"Rowan, Scion of War",X Spells,1751
"Rosheen, Roaring Prophet",X Spells,851
Polukranos Reborn,Hydras,1533
Rosheen Meanderer,X Spells,611
Yurlok of Scorch Thrash,Group Slug,498
"Kydele, Chosen of Kruphix // Vial Smasher the Fierce",X Spells,123
"Kaza, Roil Chaser",Wizards,1061
The Goose Mother,Hydras,70
"Greasefang, Okiba Boss",Vehicles,3836
"Kotori, Pilot Prodigy",Vehicles,1827
"Depala, Pilot Exemplar",Vehicles,1307
"Sydri, Galvanic Genius",Vehicles,633
"Cosima, God of the Voyage",Vehicles,551
"Miriam, Herd Whisperer",Vehicles,406
"Optimus Prime, Hero",Vehicles,360
"Rip, Spawn Hunter",Vehicles,332
"Kolodin, Triumph Caster",Vehicles,314
Captain Rex Nebula,Vehicles,277
"Astor, Bearer of Blades",Vehicles,253
"Lita, Mechanical Engineer",Vehicles,195
"Wylie Duke, Atiin Hero",Vehicles,191
"King Macar, the Gold-Cursed",Vehicles,178
"Katsumasa, the Animator",Vehicles,152
"Okaun, Eye of Chaos // Zndrsplt, Eye of Wisdom",Chaos,5602
"Yusri, Fortune's Flame",Chaos,1911
Zedruu the Greathearted,Chaos,1596
Norin the Wary,Chaos,966
"Yidris, Maelstrom Wielder",Cascade,2265
"Averna, the Chaos Bloom",Cascade,3045
Plargg and Nassari,Chaos,332
"Ruby, Daring Tracker",Chaos,326
"Krark, the Thumbless // Vial Smasher the Fierce",Chaos,325
"Ludevic, Necro-Alchemist // Vial Smasher the Fierce",Chaos,266
"Rakdos, the Showstopper",Demons,706
"Kellan, the Kid",Foretell,2499
"Blim, Comedic Genius",Chaos,181
"Lara Croft, Tomb Raider",Historic,1700
"Rograkh, Son of Rohgahh // Yoshimaru, Ever Faithful",Historic,976
"Keleth, Sunmane Familiar // Yoshimaru, Ever Faithful",Historic,759
"Kediss, Emberclaw Familiar // Yoshimaru, Ever Faithful",Historic,524
Gandalf the White,Historic,510
Arbaaz Mir,Historic,421
"Alistair, the Brigadier",Historic,418
The Fourth Doctor // Sarah Jane Smith,Historic,408
"Reki, the History of Kamigawa",Historic,355
Captain Sisay,Historic,328
"Jeska, Thrice Reborn // Yoshimaru, Ever Faithful",Historic,314
The Peregrine Dynamo,Historic,296
The Sixth Doctor // Romana II,Historic,280
Basim Ibn Ishaq,Historic,223
Satoru Umezawa,Ninjutsu,3484
"Satoru, the Infiltrator",Ninjutsu,655
Felix Five-Boots,Ninjutsu,435
"Cazur, Ruthless Stalker // Ukkima, Stalking Shadow",Ninjutsu,390
"Taeko, the Patient Avalanche",Ninjutsu,259
"Kamiz, Obscura Oculus",Ninjutsu,141
"Etrata, the Silencer",Assassins,105
"Higure, the Still Wind",Ninjutsu,53
"Alora, Merry Thief // Agent of the Shadow Thieves",Ninjutsu,52
"Ukkima, Stalking Shadow",Ninjutsu,39
"Kotose, the Silent Spider",Ninjutsu,24
Krydle of Baldur's Gate,Rogues,107
"Kadena, Slinking Sorcerer",Morph,5332
"Grazilaxx, Illithid Scholar",Bounce,29
"Nashi, Moon's Legacy",Rat Colony,496
"Alora, Merry Thief // Master Chef",Ninjutsu,17
"Alora, Merry Thief // Scion of Halaster",Ninjutsu,13
The First Sliver,Slivers,9161
Sliver Overlord,Slivers,5404
Sliver Gravemother,Slivers,2861
Sliver Hivelord,Slivers,2373
"Rukarumel, Biologist",Slivers,1064
Sliver Queen,Slivers,967
Sliver Legion,Slivers,583
"Duskana, the Rage Mother",Bears,660
"Kudo, King Among Bears",Bears,403
"Rin and Seri, Inseparable",Cats,11349
"Ajani, Nacatl Pariah",Cats,852
"Arahbo, the First Fang",Cats,750
"Mirri, Weatherlight Duelist",Cats,619
"Marisi, Breaker of the Coil",Cats,401
"Kutzil, Malamet Exemplar",Cats,388
"Kemba, Kha Enduring",Cats,337
"Nazahn, Revered Bladesmith",Cats,170
"Kaheera, the Orphanguard",Cats,162
"Jedit Ojanen, Mercenary",Cats,138
"Wasitora, Nekoru Queen",Cats,89
"Brimaz, King of Oreskos",Cats,86
Raksha Golden Cub,Cats,46
Lurrus of the Dream-Den,Cats,44
"Kitt Kanto, Mayhem Diva",Goad,84
"Kangee, Sky Warden",Flying,1345
"Inniaz, the Gale Force",Flying,1207
"Donal, Herald of Wings",Flying,613
"Isperia, Supreme Judge",Flying,484
"Kastral, the Windcrested",Birds,3118
Isperia the Inscrutable,Flying,245
Dragonlord Ojutai,Flying,235
"Millicent, Restless Revenant",Spirits,5279
"Esior, Wardwing Familiar // Ishai, Ojutai Dragonspeaker",Birds,267
"Cynette, Jelly Drover",Flying,109
"Sigurd, Jarl of Ravensthorpe",Sagas,1096
"Satsuki, the Living Lore",Sagas,776
"Eivor, Wolf-Kissed",Sagas,564
Glissa Sunslayer,Sagas,291
The Sixth Doctor // Ian Chesterton,Sagas,122
"Chisei, Heart of Oceans",Sagas,90
The Sixth Doctor // Barbara Wright,Sagas,66
"Goldberry, River-Daughter",Sagas,45
The Sixth Doctor // Peri Brown,Sagas,43
"Raff Capashen, Ship's Mage",Sagas,34
"Syrix, Carrier of the Flame",Phoenixes,1329
"Quintorius, Field Historian",Graveyard,470
"Baba Lysaga, Night Witch",Graveyard,414
"Hogaak, Arisen Necropolis",Graveyard,311
"Grist, Voracious Larva",Graveyard,311
"Grist, the Hunger Tide",Insects,3898
"Francisco, Fowl Marauder // Malcolm, Keen-Eyed Navigator",Pirates,1135
"Captain Storm, Cosmium Raider",Pirates,566
"Kediss, Emberclaw Familiar // Malcolm, Keen-Eyed Navigator",Pirates,421
"Dargo, the Shipwrecker // Malcolm, Keen-Eyed Navigator",Pirates,378
"Ramirez DePietro, Pillager",Pirates,375
"Malcolm, Keen-Eyed Navigator // Vial Smasher the Fierce",Pirates,321
Mary Read and Anne Bonny,Pirates,281
"Breeches, Brazen Plunderer // Francisco, Fowl Marauder",Pirates,189
"Zara, Renegade Recruiter",Pirates,164
Captain Vargus Wrath,Pirates,148
"Francisco, Fowl Marauder // Ghost of Ramirez DePietro",Pirates,105
"Breeches, Eager Pillager",Pirates,95
"Francisco, Fowl Marauder // Kediss, Emberclaw Familiar",Pirates,53
"Francisco, Fowl Marauder // Kraum, Ludevic's Opus",Pirates,49
"Adéwalé, Breaker of Chains",Pirates,43
"Dargo, the Shipwrecker // Francisco, Fowl Marauder",Pirates,42
"Kumena, Tyrant of Orazca",Merfolk,4838
Svyelun of Sea and Sky,Merfolk,1218
Emperor Mihail II,Merfolk,778
"Nicanzil, Current Conductor",Merfolk,536
"Sygg, River Guide",Merfolk,440
"Xolatoyac, the Smiling Flood",Merfolk,165
"Tishana, Voice of Thunder",Card Draw,176
"Kopala, Warden of Waves",Merfolk,76
"Sygg, River Cutthroat",Rogues,337
Vorel of the Hull Clade,Merfolk,57
"Thassa, God of the Sea",Sea Creatures,118
"Ravos, Soultender // Thrasios, Triton Hero",Merfolk,32
"Eluge, the Shoreless Sea",Extra Turns,226
"Zegana, Utopian Speaker",Merfolk,29
Prime Speaker Zegana,Merfolk,29
"Migloz, Maze Crusher",Phyrexians,213
"Elesh Norn, Grand Cenobite",Phyrexians,98
"Aryel, Knight of Windgrace",Knights,482
"Haakon, Stromgald Scourge",Knights,141
Haytham Kenway,Knights,135
"Arthur, Marigold Knight",Knights,117
Khorvath Brightflame // Sylvia Brightspear,Knights,105
"Kwende, Pride of Femeref",Keywords,51
"Adriana, Captain of the Guard",Knights,35
"Tori D'Avenant, Fury Rider",Knights,34
"Danitha Capashen, Paragon",Knights,24
"Lavinia, Azorius Renegade",Stax,697
"Hokori, Dust Drinker",Stax,316
"Myrel, Shield of Argive",Soldiers,4213
Drana and Linvala,Stax,252
Gaddock Teeg,Hatebears,270
"Yasharn, Implacable Earth",Hatebears,293
Queen Kayla bin-Kroog,Stax,157
"Azami, Lady of Scrolls",Wizards,3055
"Naban, Dean of Iteration",Wizards,843
"Adeliz, the Cinder Wind",Wizards,758
Gandalf the Grey,Wizards,179
Patron of the Moon,Bounce,784
"Thassa, Deep-Dwelling",Wizards,137
"Naru Meha, Master Wizard",Wizards,117
"Otharri, Suns' Glory",Extra Combats,1117
"Etali, Primal Storm",Extra Combats,691
"Karlach, Fury of Avernus // Sword Coast Sailor",Extra Combats,675
"Anzrag, the Quake-Mole",Extra Combats,587
"Karlach, Fury of Avernus // Raised by Giants",Extra Combats,474
Velomachus Lorehold,Extra Combats,294
"Karlach, Fury of Avernus // Hardy Outlander",Extra Combats,291
"Rionya, Fire Dancer",Extra Combats,288
"Gornog, the Red Reaper",Warriors,1040
Aisha of Sparks and Smoke,Extra Combats,226
"Karlach, Fury of Avernus // Flaming Fist",Extra Combats,223
Wulfgar of Icewind Dale,Extra Combats,212
"Morska, Undersea Sleuth",Clues,4132
"Lonis, Cryptozoologist",Clues,2633
"Sophia, Dogged Detective",Clues,1752
Inquisitor Greyfax,Clues,746
Jenny Flint // Madame Vastra,Clues,718
"Teysa, Opulent Oligarch",Clues,601
"Alquist Proft, Master Sleuth",Clues,555
"Lazav, Wearer of Faces",Clues,422
"Ezrim, Agency Chief",Clues,393
"Eloise, Nephalia Sleuth",Clues,373
"Hargilde, Kindly Runechanter // Wernog, Rider's Chaplain",Clues,369
"Bjorna, Nightfall Alchemist // Wernog, Rider's Chaplain",Clues,348
"Cecily, Haunted Mage // Othelm, Sigardian Outcast",Clues,323
"Elmar, Ulvenwald Informant // Hargilde, Kindly Runechanter",Clues,300
The Third Doctor // Sarah Jane Smith,Clues,277
The Fugitive Doctor // Martha Jones,Clues,213
"Piper Wright, Publick Reporter",Clues,204
"Lavinia, Foil to Conspiracy",Clues,198
"Bjorna, Nightfall Alchemist // Elmar, Ulvenwald Informant",Clues,184
"Jaheira, Friend of the Forest // Clan Crafter",Clues,183
"Lonis, Genetics Expert",Clues,171
Inquisitor Eisenhorn,Clues,166
"Parnesse, the Subtle Brush",Spell Copy,626
"Zaffai, Thunder Conductor",Spell Copy,344
"Ral, Monsoon Mage",Spell Copy,317
"Errant, Street Artist",Spell Copy,236
"Lilah, Undefeated Slickshot",Spell Copy,224
"Jadzi, Oracle of Arcavios",Spell Copy,151
"Tegwyll, Duke of Splendor",Faeries,2589
"Obyra, Dreaming Duelist",Faeries,1493
"Oona, Queen of the Fae",Faeries,786
"Nymris, Oona's Trickster",Flash,836
Rubinia Soulsinger,Faeries,46
Vendilion Clique,Faeries,21
"Wydwen, the Biting Gale",Faeries,15
"Edric, Spymaster of Trest",Extra Turns,382
Marrow-Gnawer,Rat Colony,6058
"Wick, the Whorled Mind",Rats,3466
Ashcoat of the Shadow Swarm,Rat Colony,1770
"Vren, the Relentless",Rats,1399
"Totentanz, Swarm Piper",Rat Colony,1070
"Lord Skitter, Sewer King",Rat Colony,373
"Umori, the Collector",Oozes,295
"Ink-Eyes, Servant of Oni",Rats,86
Honest Rutstein,Umori Companion,95
Patron of the Nezumi,Rats,52
"Birgi, God of Storytelling",Storm,310
"Aeve, Progenitor Ooze",Oozes,1429
Magar of the Magic Strings,Card Draw,250
The Beamtown Bullies,Stompy,316
Altaïr Ibn-La'Ahad,Assassins,2451
"Rakdos, Patron of Chaos",Demons,260
"Taborax, Hope's Demise",Shadowborn Apostles,975
"Varragoth, Bloodsky Sire",Ad Nauseam,371
Ob Nixilis of the Black Oath,Demons,164
Rakdos the Defiler,Demons,117
"Ob Nixilis, Unshackled",Demons,68
"Valgavoth, Terror Eater",Demons,56
"Vilis, Broker of Blood",Demons,50
"Kardur, Doomscourge",Goad,257
Demonlord Belzenlok,Demons,44
Brion Stoutarm,Theft,737
"The Beast, Deathless Prince",Theft,516
Empress Galina,Theft,419
Hofri Ghostforge,Theft,279
Yasova Dragonclaw,Theft,260
Merieke Ri Berit,Theft,240
Nihiloor,Theft,222
"Kethek, Crucible Goliath",Theft,216
"Etrata, Deadly Fugitive",Assassins,1491
"Ezio, Blade of Vengeance",Assassins,375
Evie Frye // Jacob Frye,Assassins,240
Ratonhnhaké꞉ton,Assassins,99
Desmond Miles,Assassins,76
"Mari, the Killing Quill",Rogues,532
Lydia Frye,Assassins,53
Achilles Davenport,Assassins,37
"Kelsien, the Plague",Deathtouch,1004
Arno Dorian,Assassins,24
"Massacre Girl, Known Killer",-1/-1 Counters,2097
"Nashi, Moon Sage's Scion",Rats,20
"Nashi, Searcher in the Dark",Rats,11
Old Flitterfang,Rats,11
"Chevill, Bane of Monsters",Deathtouch,723
"Aphelia, Viper Whisperer",Snakes,1094
Aveline de Grandpré,Deathtouch,665
"Vraska, the Silencer",Deathtouch,499
Gorm the Great // Virtus the Veiled,Deathtouch,348
"Damia, Sage of Stone",Deathtouch,192
"Kathril, Aspect Warper",Keywords,439
"Toski, Bearer of Secrets",Deathtouch,129
Sisters of Stone Death,Deathtouch,129
Questing Beast,Deathtouch,108
"Anara, Wolvid Familiar // Falthis, Shadowcat Familiar",Deathtouch,81
"Hapatra, Vizier of Poisons",-1/-1 Counters,3654
"Pharika, God of Affliction",Deathtouch,70
"Falthis, Shadowcat Familiar // Halana, Kessig Ranger",Deathtouch,67
"Shessra, Death's Whisper",Skeletons,73
"Glissa, the Traitor",Deathtouch,54
King of the Oathbreakers,Spirits,2811
"Iname, Death Aspect",Spirits,462
"O-Kagachi, Vengeful Kami",Spirits,460
"Quintorius, Loremaster",Spirits,337
"Kyodai, Soul of Kamigawa",Spirits,324
Celestial Kirin,Spirits,240
"Rhoda, Geist Avenger // Timin, Youthful Geist",Spirits,214
Iname as One,Spirits,182
"Katilda, Dawnhart Martyr",Spirits,166
Kodama of the Center Tree,Spirits,128
"Oyobi, Who Split the Heavens",Spirits,123
Infernal Kirin,Spirits,122
Skyfire Kirin,Spirits,116
Bounteous Kirin,Spirits,112
He Who Hungers,Spirits,91
Geist of Saint Traft,Spirits,80
Kodama of the South Tree,Spirits,80
"Zellix, Sanity Flayer // Agent of the Iron Throne",Horrors,18
"Arvinox, the Mind Flail",Horrors,18
"Zellix, Sanity Flayer // Scion of Halaster",Horrors,13
"Wrexial, the Risen Deep",Sea Creatures,30
"Gale, Waterdeep Prodigy // Scion of Halaster",Self-Mill,137
"Satya, Aetherflux Genius",Energy,5469
Dr. Madison Li,Energy,2901
"Liberty Prime, Recharged",Energy,2044
"Saheeli, Radiant Creator",Energy,645
"Rex, Cyber-Hound",Energy,505
"Nissa, Worldsoul Speaker",Energy,151
"Cayth, Famed Mechanist",Energy,138
"The Motherlode, Excavator",Energy,98
"Pia Nalaar, Chief Mechanic",Energy,90
"Ramos, Dragon Engine",Mutate,995
"Saheeli, the Sun's Brilliance",Energy,25
"Jared Carthalion, True Heir",Monarch,1391
"Faramir, Steward of Gondor",Monarch,131
"Starscream, Power Hungry",Monarch,111
The Ninth Doctor // Clara Oswald,Monarch,22
"Breena, the Demagogue",Pillow Fort,451
"Rilsa Rael, Kingpin",Rogues,303
"Faramir, Prince of Ithilien",Soldiers,283
"Nelly Borca, Impulsive Accuser",Goad,321
"Gluntch, the Bestower",Group Hug,983
Phelddagrif,Group Hug,588
Círdan the Shipwright,Politics,545
"Karona, False God",Pillow Fort,347
"Selvala, Explorer Returned",Group Hug,172
"Kibo, Uktabi Prince",Apes,3681
"Gor Muldrak, Amphinologist",Group Hug,127
"Thalia, Guardian of Thraben",Hatebears,226
"Kamahl, Heart of Krosa // Tymna the Weaver",Hatebears,140
God-Eternal Oketra,Hatebears,90
"Kambal, Consul of Allocation",Hatebears,90
The Thirteenth Doctor // Yasmin Khan,Foretell,177
The Tenth Doctor // Susan Foreman,Cascade,61
The First Doctor // Susan Foreman,Cascade,59
"Auntie Blyte, Bad Influence",Group Slug,1057
"Mogis, God of Slaughter",Group Slug,523
Zo-Zu the Punisher,Land Destruction,878
The Lord of Pain,Group Slug,148
"Klothys, God of Destiny",Land Destruction,205
"Rendmaw, Creaking Nest",Goad,198
"Lazav, the Multifarious",Self-Mill,307
"Ghost of Ramirez DePietro // Tormod, the Desecrator",Self-Mill,256
The Scorpion God,-1/-1 Counters,1857
"Maha, Its Feathers Night",-1/-1 Counters,383
Skeleton Ship,-1/-1 Counters,255
"Xira, the Golden Sting",Insects,534
Vhati il-Dal,-1/-1 Counters,89
"Cleopatra, Exiled Pharaoh",-1/-1 Counters,39
Reaper King,Scarecrows,2408
"Celes, Rune Knight",-1/-1 Counters,19
Commander Mustard,Soldiers,1554
"Harbin, Vanguard Aviator",Soldiers,987
"Darien, King of Kjeldor",Soldiers,332
"Odric, Master Tactician",Soldiers,305
"Immard, the Stormcleaver",Soldiers,275
Commissar Severina Raine,Soldiers,270
"Iroas, God of Victory",Soldiers,268
"Tajic, Blade of the Legion",Soldiers,163
"Baird, Argivian Recruiter",Soldiers,115
King Darien XLVIII,Soldiers,105
"Odric, Lunarch Marshal",Keywords,1358
"Tajic, Legion's Edge",Soldiers,85
Queen Allenal of Ruadach,Soldiers,41
"Slimefoot, the Stowaway",Saprolings,3681
Shroofus Sproutsire,Saprolings,1499
"Ghave, Guru of Spores",Saprolings,1371
Thelon of Havenwood,Saprolings,617
"Nemata, Primeval Warden",Saprolings,573
"Rith, the Awakener",Saprolings,170
"Nemata, Grove Guardian",Saprolings,92
"Ravos, Soultender // Tana, the Bloodsower",Saprolings,86
Verdeloth the Ancient,Saprolings,49
"Falthis, Shadowcat Familiar // Tana, the Bloodsower",Saprolings,35
"Grismold, the Dreadsower",Plants,20
"Ulasht, the Hate Seed",Saprolings,17
Thromok the Insatiable,Fling,24
"Nadier, Agent of the Duskenel // Tana, the Bloodsower",Saprolings,12
"Akawalli, the Seething Tower",Fungi,22
"Reyhan, Last of the Abzan // Tana, the Bloodsower",Saprolings,11
"The Gitrog, Ravenous Ride",Stompy,2616
"Varolz, the Scar-Striped",Stompy,837
"Selvala, Heart of the Wilds",Stompy,521
Jasmine Boreal of the Seven,Power,1617
"Goreclaw, Terror of Qal Sisma",Stompy,142
"Shadowheart, Dark Justiciar // Master Chef",Stompy,93
"Gwenna, Eyes of Gaea",Stompy,81
Kresh the Bloodbraided,Power,204
"Jorn, God of Winter",Snow,3638
Isu the Abominable,Snow,1998
Runo Stromkirk,Sea Creatures,1863
"Heidar, Rimewind Master",Snow,44
Dakkon Blackblade,Snow,39
"Ayula, Queen Among Bears",Bears,4825
Niv-Mizzet Reborn,Jegantha Companion,559
Progenitus,Hydras,538
"Gyrus, Waker of Corpses",Hydras,61
"Grakmaw, Skyclave Ravager",Hydras,31
"Reyhan, Last of the Abzan // Vial Smasher the Fierce",Hydras,22
"Otrimi, the Ever-Playful",Mutate,2437
"Illuna, Apex of Wishes",Mutate,1403
"Vadrok, Apex of Thunder",Mutate,426
Cromat,Mutate,402
"Snapdax, Apex of the Hunt",Mutate,335
"Jegantha, the Wellspring",Mutate,252
"Tawnos, the Toymaker",Beasts,1007
"Kaust, Eyes of the Glade",Morph,1083
"Yarus, Roar of the Old Gods",Morph,1061
Missy,Morph,355
"Yedora, Grave Gardener",Morph,246
"Ixidor, Reality Sculptor",Morph,218
"Ludevic, Necro-Alchemist // Sidar Kondo of Jamuraa",Morph,32
"Roshan, Hidden Magister",Morph,27
"Omarthis, Ghostfire Initiate",Modular,29
Surrak Dragonclaw,Primal Surge,54
"Maarika, Brutal Gladiator",Fight,2427
Neyith of the Dire Hunt,Fight,1619
"Legolas, Master Archer",Fight,784
"Strong, the Brutish Thespian",Fight,286
Rhonas the Indomitable,Fight,166
Hans Eriksson,Fight,106
"Grothama, All-Devouring",Fight,96
"Sekki, Seasons' Guide",Fight,96
"Slinza, the Spiked Stampede",Beasts,1527
"Shu Yun, the Silent Tempest",Sunforger,177
General Ferrous Rokiric,Sunforger,153
"Zirda, the Dawnwaker",Cycling,124
"Baeloth Barrityl, Entertainer // Noble Heritage",Goad,145
Archangel Avacyn,Sunforger,48
Anax and Cymede,Sunforger,48
"Ishai, Ojutai Dragonspeaker // Jeska, Thrice Reborn",Sunforger,46
"Davros, Dalek Creator",Dragon's Approach,723
"Florian, Voldaren Scion",Dragon's Approach,346
"Syr Carah, the Bold",Dragon's Approach,252
"Bohn, Beguiling Balladeer",Foretell,714
"Burakos, Party Leader // Folk Hero",Party,2963
Nalia de'Arnise,Party,2346
"Tazri, Beacon of Unity",Party,1670
"Burakos, Party Leader // Haunted One",Party,505
"Zagras, Thief of Heartbeats",Party,253
"Burakos, Party Leader // Sword Coast Sailor",Party,232
"Linvala, Shield of Sea Gate",Party,105
"Burakos, Party Leader // Guild Artisan",Party,102
"Burakos, Party Leader // Clan Crafter",Party,91
"Volo, Itinerant Scholar // Haunted One",Shapeshifters,114
"Burakos, Party Leader // Master Chef",Party,43
"Volo, Itinerant Scholar // Folk Hero",Party,40
"Burakos, Party Leader // Dungeon Delver",Party,31
"Burakos, Party Leader // Agent of the Iron Throne",Party,31
"Burakos, Party Leader // Agent of the Shadow Thieves",Party,29
"Burakos, Party Leader // Far Traveler",Party,26
"Burakos, Party Leader",Party,25
"Burakos, Party Leader // Noble Heritage",Party,24
"Ishkanah, Grafwidow",Spiders,542
Arasta of the Endless Web,Spiders,121
The Swarmweaver,Insects,182
"Izoni, Center of the Web",Spiders,16
"Blex, Vexing Pest",Insects,29
"Spinnerette, Arachnobat",Spiders,3
Xira Arien,Insects,39
"Ikra Shidiqi, the Usurper // Tymna the Weaver",Spiders,2
"Zopandrel, Hunger Dominus",Spiders,1
Arcum Dagsson,Persistent Petitioners,50
Memnarch,Myr,10
The Reality Chip,Cheerios,123
"Meria, Scholar of Antiquity",Cheerios,784
"Traxos, Scourge of Kroog",Constructs,77
The Capitoline Triad,Tron,8
"Vega, the Watcher",Foretell,769
"Doc Aurlock, Grizzled Genius",Foretell,343
"Alrund, God of the Cosmos",Foretell,204
"Rassilon, the War President",Foretell,76
The Twelfth Doctor // Clara Oswald,Foretell,51
The Twelfth Doctor // Romana II,Foretell,49
The Thirteenth Doctor // Ryan Sinclair,Foretell,45
"Vhal, Candlekeep Researcher // Passionate Archaeologist",Foretell,34
"Mizzix, Replica Rider",Foretell,32
"Osgood, Operation Double",Foretell,26
"Jem Lightfoote, Sky Explorer",Flash,42
"Zask, Skittering Swarmlord",Insects,3028
"Vrestin, Menoptra Leader",Insects,349
"Amzu, Swarm's Hunger",Insects,317
"Fumulus, the Infestation",Insects,55
"Aatchik, Emerald Radian",Insects,41
Old Rutstein,Insects,15
"Izoni, Thousand-Eyed",Insects,11
"Thriss, Nantuko Primus",Insects,6
"Malcolm, Alluring Scoundrel",Extra Turns,147
God-Eternal Kefnet,Extra Turns,112
Medomai the Ageless,Extra Turns,111
"Jin-Gitaxias, Progress Tyrant",Extra Turns,87
"Jacob Hauken, Inspector",Extra Turns,84
"Taigam, Ojutai Master",Extra Turns,65
Myra the Magnificent,Attractions,171
"Kiora, Sovereign of the Deep",Sea Creatures,2873
"Arixmethes, Slumbering Isle",Sea Creatures,984
"Slinn Voda, the Rising Deep",Sea Creatures,88
"Brinelin, the Moon Kraken // Ikra Shidiqi, the Usurper",Sea Creatures,88
"Aboshan, Cephalid Emperor",Cephalids,86
"Lorthos, the Tidemaker",Sea Creatures,30
"Thryx, the Sudden Storm",Sea Creatures,30
Atogatog,Atogs,399
The Dalek Emperor,Shapeshifters,133
"Volo, Itinerant Scholar // Acolyte of Bahamut",Shapeshifters,116
"Rohgahh, Kher Keep Overlord",Shapeshifters,76
Horde of Notions,Elementals,1937
"Gahiji, Honored One",Beasts,149
"Anara, Wolvid Familiar // Prava of the Steel Legion",Kaheera Companion,14
"Butch DeLoria, Tunnel Snake",Rogues,172
"Zareth San, the Trickster",Rogues,104
"Safana, Calimport Cutthroat // Dungeon Delver",Dungeon,66
"Alora, Merry Thief // Haunted One",Rogues,24
"Marchesa, Dealer of Death",Crime,69
Gwendlyn Di Corci,Rogues,13
Ulrich of the Krallenhorde,Werewolves,71
"Samut, Voice of Dissent",Primal Surge,85
"Alena, Kessig Trapper // Halana, Kessig Ranger",Power,31
"Aragorn, Hornburg Hero",Werewolves,3
"Kodama of the East Tree // Kraum, Ludevic's Opus",Werewolves,3
"Tolsimir, Friend to Wolves",Wolves,787
"Anara, Wolvid Familiar // Bruse Tarl, Boorish Herder",Werewolves,3
"Fblthp, Lost on the Range",Cheerios,549
"Dargo, the Shipwrecker // Jeska, Thrice Reborn",Cheerios,272
"Thrasta, Tempest's Roar",Cheerios,155
"Koll, the Forgemaster",Cheerios,153
"Ao, the Dawn Sky",Cheerios,38
"Teshar, Ancestor's Apostle",Cheerios,36
"Rograkh, Son of Rohgahh",Cheerios,35
"Numot, the Devastator",Land Destruction,545
"Sarulf, Realm Eater",Land Destruction,105
"Kangee, Aerie Keeper",Birds,486
Gwaihir the Windlord,Birds,409
Soraya the Falconer,Birds,370
"Akim, the Soaring Wind",Birds,98
"Francisco, Fowl Marauder // Ishai, Ojutai Dragonspeaker",Birds,55
"Ishai, Ojutai Dragonspeaker // Reyhan, Last of the Abzan",Birds,26
"Radagast, Wizard of Wilds",Beasts,118
"Esior, Wardwing Familiar // Tymna the Weaver",Birds,14
"Lynde, Cheerful Tormentor",Curses,4940
"Xantcha, Sleeper Agent",Curses,147
"Ardenn, Intrepid Archaeologist // Vial Smasher the Fierce",Curses,99
"Ludevic, Necro-Alchemist // Tymna the Weaver",Curses,27
"Gwafa Hazid, Profiteer",Pillow Fort,121
"Nils, Discipline Enforcer",Pillow Fort,103
Angus Mackenzie,Pillow Fort,80
Shadrix Silverquill,Pillow Fort,73
The Valeyard,Politics,495
"Jerren, Corrupted Bishop",Shadowborn Apostles,95
"Sek'Kuar, Deathkeeper",Skeletons,193
"Shadowheart, Dark Justiciar // Haunted One",Clerics,68
"Bane, Lord of Darkness",Shadowborn Apostles,44
"Lagomos, Hand of Hatred",Shadowborn Apostles,34
"Mishra, Artificer Prodigy",Persistent Petitioners,37
"Jalira, Master Polymorphist",Polymorph,98
"Ertai, Wizard Adept",Counterspells,44
Arcanis the Omnipotent,Counterspells,29
Ertai Resurrected,Flash,33
"Jin-Gitaxias, Core Augur",Counterspells,25
"Kydele, Chosen of Kruphix // Ravos, Soultender",Cycling,132
Sharuum the Hegemon,Cycling,39
"Jolrael, Mwonvuli Recluse",Cycling,37
Anje Falkenrath,Madness,3787
The Archimandrite,Monks,1044
"Elsha, Threefold Master",Prowess,15
Rakka Mar,Elementals,94
"Titania, Nature's Force",Elementals,65
"Nissa, Resurgent Animist",Elementals,62
Ashling the Pilgrim,Elementals,46
"Yisan, the Wanderer Bard",Toolbox,74
Oswald Fiddlebender,Toolbox,49
"Wilson, Refined Grizzly // Folk Hero",Bears,107
Surrak and Goreclaw,Bears,55
"Wilson, Refined Grizzly // Master Chef",Bears,40
"Ruxa, Patient Professor",Power,47
"Wilson, Refined Grizzly // Haunted One",Bears,32
"Wilson, Refined Grizzly",Bears,29
"Wilson, Refined Grizzly // Noble Heritage",Bears,22
"Wilson, Refined Grizzly // Agent of the Shadow Thieves",Bears,14
"Lumra, Bellow of the Woods",Bears,14
"Wilson, Refined Grizzly // Flaming Fist",Bears,11
"Halsin, Emerald Archdruid // Inspiring Leader",Bears,8
Hurska Sweet-Tooth,Bears,5
"Wilson, Refined Grizzly // Inspiring Leader",Bears,4
"Wilson, Refined Grizzly // Cultist of the Absolute",Bears,4
"Wilson, Refined Grizzly // Hardy Outlander",Bears,3
"Wilson, Refined Grizzly // Tavern Brawler",Bears,3
"Mr. Orfeo, the Boulder",Power,356
"Greven, Predator Captain",Power,272
"Deathleaper, Terror Weapon",Power,149
"Alena, Kessig Trapper // Ravos, Soultender",Power,97
"Dragonhawk, Fate's Tempest",Power,78
"Shadowheart, Dark Justiciar // Dragon Cultist",Power,59
"Bhaal, Lord of Murder",Skeletons,50
Witch-king of Angmar,Madness,60
"Vohar, Vodalian Desecrator",Madness,39
"Cait, Cage Brawler",Madness,30
Malfegor,Madness,29
"Neheb, the Worthy",Minotaurs,480
Hazoret the Fervent,Madness,22
Amber Gristle O'Maul // Criminal Past,Madness,21
"Greel, Mind Raker",Madness,20
"Jaya Ballard, Task Mage",Madness,19
Lovisa Coldeyes,Warriors,544
"Alesha, Who Laughs at Fate",Warriors,23
"Lae'zel, Vlaakith's Champion // Haunted One",Warriors,22
"Sosuke, Son of Seshiro",Warriors,16
"Mortarion, Daemon Primarch",Self-Damage,62
Barktooth Warbeard,Warriors,15
"Clement, the Worrywort",Frogs,1987
"Uurg, Spawn of Turg",Frogs,12
"Sab-Sunen, Luxa Embodied",Frogs,3
"Unctus, Grand Metatect",Persistent Petitioners,44
"Ruric Thar, the Unbowed",Primal Surge,956
Nikya of the Old Ways,Primal Surge,799
"Vaevictis Asmadi, the Dire",Primal Surge,382
Beluna Grandsquall,Primal Surge,252
"Gorion, Wise Mentor",Primal Surge,103
"Ojer Kaslem, Deepest Growth",Primal Surge,71
"Yeva, Nature's Herald",Primal Surge,37
Radagast the Brown,Primal Surge,36
"Kasla, the Broken Halo",Convoke,3741
Saint Traft and Rem Karolus,Convoke,1275
"Emmara, Soul of the Accord",Convoke,112
The Wandering Rescuer,Convoke,48
"Annie Flash, the Veteran",Convoke,21
Masako the Humorless,Convoke,8
General Tazri,Allies,1831
"Lulu, Loyal Hollyphant // Cloakwood Hermit",Convoke,7
"Lulu, Loyal Hollyphant // Feywild Visitor",Convoke,7
"Erebos, God of the Dead",Devotion,43
"Callaphe, Beloved of the Sea",Devotion,30
"Renata, Called to the Hunt",Devotion,25
"Karazikar, the Eye Tyrant",Goad,120
"Baeloth Barrityl, Entertainer // Raised by Giants",Goad,117
"Red Death, Shipwrecker",Goad,113
The Rani,Goad,106
"Teval, the Balanced Scale",Dredge,59
"Chromium, the Mutable",Flash,402
"Rashmi, Eternities Crafter",Flash,171
"Ojer Pakpatiq, Deepest Epoch",Flash,103
Gandalf of the Secret Fire,Suspend,37
Old One Eye,Tyranids,13
"Gandalf, Westward Voyager",Keruga Companion,76
"Ludevic, Necro-Alchemist // Reyhan, Last of the Abzan",Tyranids,2
"Me, the Immortal",Tyranids,2
"Ikra Shidiqi, the Usurper // Kraum, Ludevic's Opus",Tyranids,1
The Lady of Otaria,Dwarves,500
"Reyav, Master Smith",Dwarves,21
"Gimli, Counter of Kills",Dwarves,18
"Gimli, Mournful Avenger",Dwarves,18
Gimli of the Glittering Caves,Dwarves,12
"Bilbo, Retired Burglar",Dwarves,10
"Magda, the Hoardmaster",Crime,11
"Glóin, Dwarf Emissary",Dwarves,6
The Lady of the Mountain,Giants,8
"The Balrog, Durin's Bane",Orcs,5
Rankle and Torbran,Dwarves,2
"Akroma, Vision of Ixidor // Rograkh, Son of Rohgahh",Keywords,364
"Rayami, First of the Fallen",Keywords,63
"Odric, Blood-Cursed",Keywords,63
"Akroma, Vision of Ixidor // Falthis, Shadowcat Familiar",Keywords,46
"Akroma, Vision of Ixidor // Tana, the Bloodsower",Keywords,45
"Akroma, Vision of Ixidor // Ikra Shidiqi, the Usurper",Keywords,37
"Akroma, Vision of Ixidor // Kamahl, Heart of Krosa",Keywords,37
"Akroma, Vision of Ixidor // Kraum, Ludevic's Opus",Keywords,22
"Akroma, Vision of Ixidor // Radiant, Serra Archangel",Keywords,21
"Aurelia, Exemplar of Justice",Keywords,20
"Orah, Skyclave Hierophant",Clerics,2329
"Ravos, Soultender // Tymna the Weaver",Clerics,271
"Ayli, Eternal Pilgrim",Clerics,121
"Shadowheart, Dark Justiciar // Folk Hero",Clerics,120
"Atalya, Samite Master",Clerics,39
"Sivriss, Nightmare Speaker // Haunted One",Clerics,27
"Orim, Samite Healer",Clerics,24
"Sivriss, Nightmare Speaker // Folk Hero",Clerics,22
Eight-and-a-Half-Tails,Foxes,71
"Heliod, God of the Sun",Clerics,18
Lady Evangela,Clerics,16
"Fangorn, Tree Shepherd",Treefolk,1539
"Treebeard, Gracious Host",Treefolk,121
"Quickbeam, Upstart Ent",Treefolk,51
Six,Treefolk,26
"Kirri, Talented Sprout",Plants,171
Old Man Willow,Treefolk,15
"Kurbis, Harvest Celebrant",Treefolk,6
"Gilanra, Caller of Wirewood // Kodama of the East Tree",Treefolk,3
Ohabi Caleria,Archers,987
"Ertha Jo, Frontier Mentor",Pingers,35
"Rona, Herald of Invasion",Pingers,33
"Zalto, Fire Giant Duke",Pingers,31
"Dynaheir, Invoker Adept",Pingers,26
"Jenson Carthalion, Druid Exile",Jegantha Companion,373
"Niv-Mizzet, Supreme",Jegantha Companion,95
The Jolly Balloon Man,ETB,74
"Golos, Tireless Pilgrim",Gods,21
Baral and Kari Zev,Polymorph,219
"Malcolm, Keen-Eyed Navigator // Rograkh, Son of Rohgahh",Polymorph,93
"Rograkh, Son of Rohgahh // Sakashima of a Thousand Faces",Polymorph,50
"Rograkh, Son of Rohgahh // Tevesh Szat, Doom of Fools",Polymorph,47
"Marcus, Mutant Mayor",Mutants,10
Experiment Kraj,Oozes,47
"Roalesk, Apex Hybrid",Mutants,5
"Betor, Ancestor's Voice",Self-Damage,80
"Willowdusk, Essence Seer",Self-Damage,75
"Verrak, Warped Sengir",Self-Damage,45
"Selenia, Dark Angel",Self-Damage,42
"Delina, Wild Mage",Die Roll,42
Kogla and Yidaro,Apes,16
"Grunn, the Lonely King",Apes,14
"Kogla, the Titan Ape",Apes,8
"Gut, True Soul Zealot // Agent of the Shadow Thieves",Skeletons,11
Borborygmos,Apes,1
"Alena, Kessig Trapper // Kodama of the East Tree",Apes,1
"Unesh, Criosphinx Sovereign",Sphinxes,1318
"Tameshi, Reality Architect",Bounce,167
"Barrin, Tolarian Archmage",Bounce,78
"The Master, Formed Anew",Bounce,50
"Dromar, the Banisher",Bounce,23
The Cyber-Controller,Bounce,21
"Baru, Wurmspeaker",Wurms,2742
"Bruse Tarl, Boorish Herder // Ikra Shidiqi, the Usurper",Wurms,9
"Teneb, the Harvester",Wurms,5
Hazezon Tamar,Wurms,5
"Trostani, Three Whispers",Aikido,6
"Nylea, Keen-Eyed",Wurms,3
"Storrev, Devkarin Lich",Wurms,3
Ruhan of the Fomori,Giants,492
"Kalemne, Disciple of Iroas",Giants,353
"Storvald, Frost Giant Jarl",Giants,146
"Minsc, Beloved Ranger",Giants,34
Bartel Runeaxe,Giants,10
"Phlage, Titan of Fire's Fury",Giants,9
"Kaseto, Orochi Archmage",Snakes,612
Seshiro the Anointed,Snakes,489
Patron of the Orochi,Snakes,152
"Shisato, Whispering Hunter",Snakes,66
"Sakiko, Mother of Summer",Snakes,18
"Sachi, Daughter of Seshiro",Shamans,210
"Sivriss, Nightmare Speaker // Cloakwood Hermit",Snakes,9
"Sivriss, Nightmare Speaker // Master Chef",Snakes,8
"Ikra Shidiqi, the Usurper // Sakashima of a Thousand Faces",Snakes,7
"Saryth, the Viper's Fang",Snakes,7
"Reyhan, Last of the Abzan // Slurrk, All-Ingesting",Oozes,146
"Slurrk, All-Ingesting",Oozes,29
"Sakashima of a Thousand Faces // Slurrk, All-Ingesting",Oozes,22
It Came from Planet Glurg,Oozes,16
"Slurrk, All-Ingesting // Vial Smasher the Fierce",Oozes,9
"Silas Renn, Seeker Adept // Slurrk, All-Ingesting",Oozes,8
"Slurrk, All-Ingesting // Tevesh Szat, Doom of Fools",Oozes,8
Maralen of the Mornsong,Ad Nauseam,305
"Sidisi, Undead Vizier",Ad Nauseam,165
"Loot, Exuberant Explorer",Beasts,10
General Marhault Elsdragon,Lure,30
"Takeno, Samurai General",Samurai,246
"Kentaro, the Smiling Cat",Samurai,139
"Risona, Asari Commander",Samurai,68
"Konda, Lord of Eiganjo",Samurai,66
Sensei Golden-Tail,Samurai,24
"Godo, Bandit Warlord",Samurai,23
"Nagao, Bound by Honor",Samurai,22
Iizuka the Ruthless,Samurai,14
"Norika Yamazaki, the Poet",Samurai,12
"Malcolm, Keen-Eyed Navigator // Tymna the Weaver",Ad Nauseam,55
"Kraum, Ludevic's Opus // Tevesh Szat, Doom of Fools",Ad Nauseam,19
"Tevesh Szat, Doom of Fools // Thrasios, Triton Hero",Ad Nauseam,14
"Kongming, ""Sleeping Dragon""",Anthems,56
"Crovax, Ascendant Hero",Anthems,46
"Maja, Bretagard Protector",Anthems,28
"Tesak, Judith's Hellhound",Dogs,294
"Isamaru, Hound of Konda",Dogs,64
"Anara, Wolvid Familiar // Yoshimaru, Ever Faithful",Dogs,42
"Kunoros, Hound of Athreos",Dogs,42
"Falthis, Shadowcat Familiar // Yoshimaru, Ever Faithful",Dogs,5
"Yoshimaru, Ever Faithful",Dogs,4
"Sakashima of a Thousand Faces // Yoshimaru, Ever Faithful",Dogs,3
"Judith, the Scourge Diva",Dogs,3
"Mendicant Core, Guidelight",Affinity,102
"Saheeli, the Gifted",Affinity,28
"Sai, Master Thopterist",Affinity,23
"Pearl-Ear, Imperial Advisor",Affinity,19
Felothar the Steadfast,Defenders,76
"Betor, Kin to All",Defenders,19
"Tazri, Stalwart Survivor",Zirda Companion,75
"Kediss, Emberclaw Familiar // Reyhan, Last of the Abzan",Lizards,9
"Ikra Shidiqi, the Usurper // Kediss, Emberclaw Familiar",Lizards,8
"Kediss, Emberclaw Familiar",Lizards,3
"Kediss, Emberclaw Familiar // Kydele, Chosen of Kruphix",Lizards,2
"Kediss, Emberclaw Familiar // Rograkh, Son of Rohgahh",Lizards,2
"Kediss, Emberclaw Familiar // Thrasios, Triton Hero",Lizards,2
"Halana, Kessig Ranger // Vial Smasher the Fierce",Lizards,1
"Homura, Human Ascendant",Phoenixes,8
"Falthis, Shadowcat Familiar // Kediss, Emberclaw Familiar",Lizards,1
"Kediss, Emberclaw Familiar // Kodama of the East Tree",Lizards,1
"Sierra, Nuka's Biggest Fan",Food,15
Farmer Cotton,Food,13
Apothecary White,Food,13
Inga and Esika,Keruga Companion,108
"Brinelin, the Moon Kraken // Gilanra, Caller of Wirewood",Keruga Companion,42
Kodama of the East Tree // Sakashima of a Thousand Faces,Keruga Companion,32
"Troyan, Gutsy Explorer",Keruga Companion,21
"Kellan, Inquisitive Prodigy",Keruga Companion,21
"Uro, Titan of Nature's Wrath",Keruga Companion,21
"Anim Pakal, Thousandth Moon",Gnomes,39
The Celestial Toymaker,Sphinxes,91
"Azor, the Lawbringer",Sphinxes,39
"Atemsis, All-Seeing",Sphinxes,25
"Alhammarret, High Arbiter",Sphinxes,4
"Atris, Oracle of Half-Truths",Gyruda Companion,35
"ED-E, Lonesome Eyebot",Scarecrows,1
"Michiko Konda, Truth Seeker",Scarecrows,1
"Sidar Kondo of Jamuraa // Silas Renn, Seeker Adept",Scarecrows,1
Acererak the Archlich,Dungeon,79
"Varis, Silverymoon Ranger",Dungeon,43
"Nadaar, Selfless Paladin",Dungeon,39
"Imoen, Mystic Trickster // Far Traveler",Dungeon,17
Barrowin of Clan Undurr,Dungeon,14
"Tolsimir, Midnight's Light",Wolves,79
"Anara, Wolvid Familiar // Kamahl, Heart of Krosa",Wolves,19
"Anara, Wolvid Familiar",Wolves,15
Tolsimir Wolfblood,Wolves,14
"Anara, Wolvid Familiar // Halana, Kessig Ranger",Wolves,9
"Anara, Wolvid Familiar // Kediss, Emberclaw Familiar",Wolves,5
"Anara, Wolvid Familiar // Nadier, Agent of the Duskenel",Wolves,5
The Odd Acorn Gang,Squirrels,295
"Shadowheart, Dark Justiciar // Cloakwood Hermit",Squirrels,5
"Gut, True Soul Zealot // Cloakwood Hermit",Squirrels,2
"Bess, Soul Nourisher",Weenies,15
"Munda, Ambush Leader",Allies,96
"Bruse Tarl, Boorish Herder // Reyhan, Last of the Abzan",Allies,11
Duke Ulder Ravengard,Allies,6
"Akiri, Line-Slinger // Bruse Tarl, Boorish Herder",Allies,6
"Bruse Tarl, Boorish Herder // Falthis, Shadowcat Familiar",Allies,3
"Hanna, Ship's Navigator",Unnatural,14
"Sethron, Hurloon General",Minotaurs,1499
"Moraug, Fury of Akoum",Minotaurs,9
"Bruse Tarl, Boorish Herder // Ravos, Soultender",Minotaurs,4
"Tahngarth, First Mate",Minotaurs,2
"Tahngarth, Talruum Hero",Minotaurs,2
Tibor and Lumia,Minotaurs,1
"Frodo, Sauron's Bane",Lurrus Companion,150
Frodo Baggins,Halflings,5
"Sam, Loyal Attendant",Halflings,3
"Butterbur, Bree Innkeeper",Halflings,2
"Ellyn Harbreeze, Busybody // Master Chef",Halflings,2
Kaervek the Merciless,Obosh Companion,122
"Jeska, Thrice Reborn // Vial Smasher the Fierce",Obosh Companion,105
"Kraum, Ludevic's Opus // Vial Smasher the Fierce",Obosh Companion,90
"Gilanra, Caller of Wirewood // Vial Smasher the Fierce",Obosh Companion,80
"Falthis, Shadowcat Familiar // Jeska, Thrice Reborn",Obosh Companion,33
"Karlach, Fury of Avernus // Cultist of the Absolute",Obosh Companion,22
"Toggo, Goblin Weaponsmith // Vial Smasher the Fierce",Obosh Companion,20
"Tevesh Szat, Doom of Fools // Vial Smasher the Fierce",Obosh Companion,19
Tymna the Weaver // Vial Smasher the Fierce,Obosh Companion,19
"Ayara, Widow of the Realm",Obosh Companion,18
"Szarekh, the Silent King",Necrons,638
Anrakyr the Traveller,Necrons,190
Trazyn the Infinite,Necrons,125
Illuminor Szeras,Necrons,13
"Ashad, the Lone Cyberman",Cybermen,9
"Sheoldred, Whispering One",Necrons,4
"Mishra, Tamer of Mak Fawa",Necrons,4
"Armix, Filigree Thrasher // Silas Renn, Seeker Adept",Necrons,3
"Ashnod, Flesh Mechanist",Necrons,3
"Silas Renn, Seeker Adept // Tormod, the Desecrator",Necrons,2
"Blitzwing, Cruel Tormentor",Necrons,2
Moira and Teshar,Necrons,2
"Malik, Grim Manipulator",Outlaws,2
"Ravos, Soultender",Bats,1
"Feather, Radiant Arbiter",Mice,2
"Ardenn, Intrepid Archaeologist // Jeska, Thrice Reborn",Mice,1
"Agrus Kos, Eternal Soldier",Mice,1
"Karlach, Fury of Avernus // Veteran Soldier",Mice,1
"Lutri, the Spellchaser",Otters,9
"Keranos, God of Storms",Otters,1
"Gilanra, Caller of Wirewood // Kraum, Ludevic's Opus",Otters,1
"Kitsa, Otterball Elite",Otters,1
Jacques le Vert,Enrage,8
"Hansk, Slayer Zealot",Enrage,8
"Nin, the Pain Artist",Enrage,3
The Third Doctor // Donna Noble,Enrage,2
"Seton, Krosan Protector",Druids,811
"Kamahl, Fist of Krosa",Druids,24
"Gilanra, Caller of Wirewood // Kamahl, Heart of Krosa",Druids,16
"Tatyova, Steward of Tides",Land Animation,35
"Kamahl, Heart of Krosa",Druids,5
Gretchen Titchwillow,Druids,4
"Gix, Yawgmoth Praetor",Unblockable,25
"Rev, Tithe Extractor",Unblockable,16
"Finneas, Ace Archer",Rabbits,972
"Byrke, Long Ear of the Law",Rabbits,32
Mr. Foxglove,Foxes,58
"Ojer Taq, Deepest Foundation",Rabbits,4
"Black Panther, Wakandan King",Land Animation,23
"Abdel Adrian, Gorion's Ward // Agent of the Iron Throne",Rabbits,1
"Uchbenbak, the Great Mistake",Skeletons,100
"Gut, True Soul Zealot // Agent of the Iron Throne",Skeletons,64
"Ozox, the Clattering King",Skeletons,58
"Bladewing, Deathless Tyrant",Skeletons,38
Bartolomé del Presidio,Lurrus Companion,123
"Lotho, Corrupt Shirriff",Lurrus Companion,106
"Akiri, Line-Slinger // Francisco, Fowl Marauder",Lurrus Companion,58
"Francisco, Fowl Marauder // Keleth, Sunmane Familiar",Lurrus Companion,42
"Tawnos, Solemn Survivor",Lurrus Companion,33
"MacCready, Lamplight Mayor",Lurrus Companion,23
"Shaile, Dean of Radiance",Lurrus Companion,17
"Jirina, Dauntless General",Lurrus Companion,15
"Akiri, Line-Slinger // Miara, Thorn of the Glade",Lurrus Companion,12
"Francisco, Fowl Marauder // Yoshimaru, Ever Faithful",Lurrus Companion,11
"Miara, Thorn of the Glade // Yoshimaru, Ever Faithful",Lurrus Companion,7
"Zahur, Glory's Past",Lurrus Companion,3
Shay Cormac,Crime,5
"Akiri, Line-Slinger // Silas Renn, Seeker Adept",Artificers,10
"Gimbal, Gremlin Prodigy",Artificers,8
"Ishai, Ojutai Dragonspeaker // Tana, the Bloodsower",Monks,2
Dosan the Falling Leaf,Monks,2
"Rune-Tail, Kitsune Ascendant",Foxes,33
"Vikya, Scorching Stalwart",Monks,1
"Jenara, Asura of War",Exalted,10
"Rashel, Fist of Torm",Exalted,8
"Shanna, Purifying Blade",Exalted,8
Haktos the Unscarred,Exalted,5
"Purphoros, Bronze-Blooded",Phoenixes,40
"Jaxis, the Troublemaker",Phoenixes,4
Urabrask the Hidden,Haste,5
"Gerrard, Weatherlight Hero",Eggs,24
"Syr Ginger, the Meal Ender",Eggs,15
"Ich-Tekik, Salvage Splicer // Rebbec, Architect of Ascension",Golems,198
"Armix, Filigree Thrasher // Ich-Tekik, Salvage Splicer",Golems,108
"Ich-Tekik, Salvage Splicer // Toggo, Goblin Weaponsmith",Golems,65
"Malcator, Purity Overseer",Golems,62
"Ich-Tekik, Salvage Splicer // Ishai, Ojutai Dragonspeaker",Golems,49
"Akiri, Line-Slinger // Ich-Tekik, Salvage Splicer",Golems,38
"Ich-Tekik, Salvage Splicer // Silas Renn, Seeker Adept",Golems,33
"Ich-Tekik, Salvage Splicer // Slurrk, All-Ingesting",Golems,30
"Ich-Tekik, Salvage Splicer // Keskit, the Flesh Sculptor",Golems,18
"Karn, Silver Golem",Golems,14
"Ich-Tekik, Salvage Splicer",Golems,13
"Bosh, Iron Golem",Golems,13
"Ich-Tekik, Salvage Splicer // Sakashima of a Thousand Faces",Golems,10
"Ich-Tekik, Salvage Splicer // Ravos, Soultender",Golems,6
"Ich-Tekik, Salvage Splicer // Malcolm, Keen-Eyed Navigator",Golems,6
"Ultra Magnus, Tactician",Golems,6
Agatha of the Vile Cauldron,Activated Abilities,77
"Redshift, Rocketeer Chief",Activated Abilities,15
"Mairsil, the Pretender",Activated Abilities,12
Caparocti Sunborn,Discover,12
The War Doctor // Susan Foreman,Discover,7
"Muerra, Trash Tactician",Raccoons,1157
"Hugs, Grisly Guardian",Raccoons,4
"Targ Nar, Demon-Fang Gnoll",Raccoons,1
Vaevictis Asmadi,Raccoons,1
"Bill Ferny, Bree Swindler",Horses,29
"Stiltzkin, Moogle Merchant",Donate,14
Sol'Kanar the Tainted,Donate,11
Khârn the Betrayer,Donate,11
"Y'shtola, Night's Blessed",Aikido,7
"Rienne, Angel of Rebirth",Multicolor Matters,18
"Thrasios, Triton Hero // Toggo, Goblin Weaponsmith",Rock,15
"Ardenn, Intrepid Archaeologist // Toggo, Goblin Weaponsmith",Rock,9
Catti-brie of Mithral Hall,Archers,11
Lady Caleria,Archers,10
"Halana, Kessig Ranger // Prava of the Steel Legion",Archers,1
"Halana, Kessig Ranger // Ishai, Ojutai Dragonspeaker",Archers,1
"Brigid, Hero of Kinsbaile",Kithkin,172
"Halana, Kessig Ranger // Ravos, Soultender",Archers,1
"Sedris, the Traitor King",Gyruda Companion,45
"Samut, Vizier of Naktamun",Haste,20
"Neriv, Heart of the Storm",Haste,7
Heartless Hidetsugu,Haste,5
Gallia of the Endless Dance,Satyrs,647
"Eligeth, Crossroads Augur // Thrasios, Triton Hero",Scry,6
"Kura, the Boundless Sky",Tron,18
Hope of Ghirapur,Tron,6
"Mahadi, Emporium Master",Devils,9
"Atsushi, the Blazing Sky",Devils,1
"Krark, the Thumbless // Silas Renn, Seeker Adept",Coin Flip,5
Vial Smasher the Fierce,Devils,1
"Zabaz, the Glimmerwasp",Modular,117
"Blaster, Combat DJ",Modular,32
"Felisa, Fang of Silverquill",Modular,12
"Akiri, Line-Slinger // Reyhan, Last of the Abzan",Modular,9
"Jetfire, Ingenious Scientist",Modular,7
"Lae'zel, Vlaakith's Champion // Street Urchin",Modular,6
"Shagrat, Loot Bearer",Amass,19
The Mouth of Sauron,Amass,5
"Gothmog, Morgul Lieutenant",Amass,3
"Sauron, the Lidless Eye",Orcs,3
"Wyll, Blade of Frontiers // Sword Coast Sailor",Die Roll,83
"Farideh, Devil's Chosen",Die Roll,28
The Space Family Goblinson,Die Roll,15
"Wyll, Blade of Frontiers // Dungeon Delver",Die Roll,12
The Most Dangerous Gamer,Attractions,129
"Dee Kay, Finder of the Lost",Attractions,43
"Wyll, Blade of Frontiers // Master Chef",Die Roll,5
"Wyll, Blade of Frontiers // Shameless Charlatan",Die Roll,4
"Wyll, Blade of Frontiers // Agent of the Shadow Thieves",Die Roll,4
"Wyll, Blade of Frontiers // Raised by Giants",Die Roll,3
"Wyll, Blade of Frontiers // Clan Crafter",Die Roll,3
"Sauron, the Necromancer",Wraiths,14
"Aragorn, Company Leader",The Ring,6
"Witch-king, Sky Scourge",Wraiths,13
"Gandalf, Friend of the Shire",The Ring,3
"Mu Yanling, Wind Rider",Thopters,4
"Soundwave, Sonic Spy",Thopters,3
"Zeriam, Golden Wind",Griffins,687
"Zuberi, Golden Feather",Griffins,57
Prava of the Steel Legion // Sakashima of a Thousand Faces,Griffins,1
"Celestine, the Living Saint",Griffins,1
Gorbag of Minas Morgul,Orcs,4
"Rootha, Mercurial Artist",Orcs,2
Zurgo Bellstriker,Orcs,1
"Squee, the Immortal",Orcs,1
"Rigo, Streetwise Mentor",Weenies,17
"Anafenza, Kin-Tree Spirit",Weenies,7
"Subira, Tulzidi Caravanner",Weenies,6
Commander Liara Portyr,Impulse Draw,12
"Rose, Cutthroat Raider",Impulse Draw,11
"Eruth, Tormented Prophet",Impulse Draw,11
"Iraxxa, Empress of Mars",Impulse Draw,5
"Vorthos, Steward of Myth",Attractions,4
Ambassador Blorpityblorpboop,Stickers,7
"Pietra, Crafter of Clowns",Robots,24
"Cecily, Haunted Mage // Elmar, Ulvenwald Informant",Attractions,3
"Pol Jamaar, Illusionist",Illusions,22
Meloku the Clouded Mirror,Illusions,8
"Toothy, Imaginary Friend",Illusions,5
Mistform Ultimus,Illusions,2
"Pir, Imaginative Rascal // Toothy, Imaginary Friend",Illusions,2
"Volo, Itinerant Scholar // Popular Entertainer",Illusions,1
"Rayne, Academy Chancellor",Illusions,1
"Toby, Beastie Befriender",Illusions,1
"Kianne, Corrupted Memory",Illusions,1
"Alirios, Enraptured",Illusions,1
"Anax, Hardened in the Forge",Satyrs,1
"Reyhan, Last of the Abzan // Sakashima of a Thousand Faces",Wraiths,3
"Melek, Reforged Researcher",Fling,6
"Kellan, Daring Traveler",Explore,7
"Francisco, Fowl Marauder // Toggo, Goblin Weaponsmith",Explore,2
"Amareth, the Lustrous",Explore,1
"Jenny, Generated Anomaly",Explore,1
Emiel the Blessed,Unicorns,248
"Thurid, Mare of Destiny",Unicorns,20
"Shadowfax, Lord of Horses",Horses,195
"Arwen, Mortal Queen",Unicorns,1
"Linden, the Steadfast Queen",Unicorns,1
"Kodama of the East Tree // Yoshimaru, Ever Faithful",Unicorns,1
"Vona, Butcher of Magan",Unicorns,1
"Lin Sivvi, Defiant Hero",Rebels,296
"Jor Kadeen, First Goldwarden",Rebels,9
"Vhal, Candlekeep Researcher // Noble Heritage",Rebels,1
"The Seventh Doctor // Ace, Fearless Rebel",Rebels,1
The Tenth Doctor // Clara Oswald,Suspend,14
The Face of Boe,Suspend,13
The Ninth Doctor // Rose Tyler,Suspend,6
The Tenth Doctor // Tegan Jovanka,Suspend,4
The Tenth Doctor,Suspend,3
"Curie, Emergent Intelligence",Constructs,3
"Jyoti, Moag Ancient",Land Animation,37
"Noyan Dar, Roil Shaper",Land Animation,30
"Jolrael, Empress of Beasts",Land Animation,6
"Alena, Kessig Trapper // Prava of the Steel Legion",Zirda Companion,2
"Bjorna, Nightfall Alchemist // Othelm, Sigardian Outcast",Zirda Companion,2
Go-Shintai of Lost Wisdom,Shrines,2
Nebuchadnezzar,Specters,3
"Nocturno of Myra's Marvels // Thrasios, Triton Hero",Turtles,1
Daughter of Autumn,Avatars,1
"Baeloth Barrityl, Entertainer // Master Chef",Shamans,4
Sunastian Falconer,Shamans,2
"Baeloth Barrityl, Entertainer // Haunted One",Shamans,2
Patron of the Kitsune,Foxes,63
"Opal-Eye, Konda's Yojimbo",Foxes,3
"Ivora, Insatiable Heir",Self-Discard,5
"Emet-Selch, Unsundered",Self-Discard,4
"Mimeoplasm, Revered One",Self-Discard,4
"Kamber, the Plunderer // Laurine, the Diversion",Blood,10
The Thirteenth Doctor // Clara Oswald,Adventures,2
Akul the Unrepentant,Sneak Attack,12
"Ilharg, the Raze-Boar",Sneak Attack,8
"Vial Smasher, Gleeful Grenadier",Mercenaries,13
"Kellogg, Dangerous Mind",Mercenaries,3
Kate Stewart,Time Counters,8
"The War Doctor // Adric, Mathematical Genius",Time Counters,3
"Idris, Soul of the TARDIS",Time Counters,2
The Thirteenth Doctor // Rose Tyler,Time Counters,2
"The Tenth Doctor // Adric, Mathematical Genius",Time Counters,2
The Fourteenth Doctor // Rose Tyler,Time Counters,1
"Breeches, the Blastmaker",Coin Flip,6
"Krark, the Thumbless",Coin Flip,5
"Esior, Wardwing Familiar // Krark, the Thumbless",Coin Flip,4
"Krark, the Thumbless // Thrasios, Triton Hero",Coin Flip,4
"Krark, the Thumbless // Kydele, Chosen of Kruphix",Coin Flip,4
"Krark, the Thumbless // Slurrk, All-Ingesting",Coin Flip,3
"Krark, the Thumbless // Tymna the Weaver",Coin Flip,3
"Krark, the Thumbless // Kraum, Ludevic's Opus",Coin Flip,2
"Sun Quan, Lord of Wu",Horses,4
"Keleth, Sunmane Familiar // Tana, the Bloodsower",Horses,2
"Keleth, Sunmane Familiar // Reyhan, Last of the Abzan",Horses,2
"Prowl, Stoic Strategist",Robots,1
"Bjorna, Nightfall Alchemist // Hargilde, Kindly Runechanter",Robots,1
"Lulu, Loyal Hollyphant // Master Chef",Elephants,51
"Lulu, Loyal Hollyphant // Raised by Giants",Elephants,3
Tusk and Whiskers,Elephants,2
"Losheel, Clockwork Scholar",Elephants,1
"Anafenza, the Foremost",Elephants,1
"Lulu, Loyal Hollyphant // Cultist of the Absolute",Elephants,1
"Lulu, Loyal Hollyphant // Guild Artisan",Elephants,1
Dragonlord Dromoka,Elephants,1
The Fourteenth Doctor // Vislor Turlough,Time Lords,4
"The Fourteenth Doctor // Adric, Mathematical Genius",Time Lords,4
The Fourteenth Doctor // Sarah Jane Smith,Time Lords,4
The Twelfth Doctor // Vislor Turlough,Time Lords,3
"Kaervek, the Punisher",Crime,10
"Lazav, Familiar Stranger",Crime,5
"Vadmir, New Blood",Crime,4
Toshiro Umezawa,Flashback,5
"Raul, Trouble Shooter",Rad Counters,2
"Venom, Deadly Devourer",Rad Counters,1
"Sengir, the Dark Baron // Tormod, the Desecrator",Rad Counters,1
"Hancock, Ghoulish Mayor",Rad Counters,1
"Teval, Arbiter of Virtue",Delver,21
"Gregor, Shrewd Magistrate",Delver,2
"Treva, the Renewer",Color Hack,3
"Esior, Wardwing Familiar // Sidar Kondo of Jamuraa",Kithkin,1
"Lulu, Loyal Hollyphant // Far Traveler",Kithkin,1
"Stenn, Paranoid Partisan",Kithkin,1
"Selvala, Eager Trailblazer",Kithkin,1
"Thada Adel, Acquisitor",Blue Moon,3
"Piru, the Volatile",Elders,1
"Ardenn, Intrepid Archaeologist // Kraum, Ludevic's Opus",Stoneblade,12
"Ardenn, Intrepid Archaeologist // Tana, the Bloodsower",Stoneblade,9
"Ardenn, Intrepid Archaeologist // Silas Renn, Seeker Adept",Stoneblade,3
"Ayesha Tanaka, Armorer",Stoneblade,3
"Ardenn, Intrepid Archaeologist // Armix, Filigree Thrasher",Stoneblade,3
"Gale, Waterdeep Prodigy // Master Chef",Slime Against Humanity,5
Kodama of the West Tree,Slime Against Humanity,4
"Cyclonus, the Saboteur",Connive,3
"Chainer, Dementia Master",Nightmares,3
"Neva, Stalked by Nightmares",Nightmares,3
Hythonia the Cruel,Gorgons,8
Visara the Dreadful,Gorgons,1
Tobias Andrion,Advisors,4
"Denry Klin, Editor in Chief",Advisors,2
Sol'kanar the Swamp King,Landwalk,8
Jedit Ojanen of Efrava,Landwalk,2
"Sarevok, Deathbringer // Cultist of the Absolute",Landwalk,2
"Ayumi, the Last Visitor",Landwalk,2
"Neerdiv, Devious Diver",Flashback,10
"Sevinne, the Chronoclasm",Flashback,6
"Dralnu, Lich Lord",Flashback,5
"Lier, Disciple of the Drowned",Flashback,3
"Silumgar, the Drifting Death",Drakes,1
"Jori En, Ruin Diver",Drakes,1
"Alena, Kessig Trapper // Siani, Eye of the Storm",Drakes,1
Sivitri Scarzam,Drakes,1
"Kraum, Ludevic's Opus // Ravos, Soultender",Astartes,3
"Ludevic, Necro-Alchemist // Ravos, Soultender",Astartes,3
Lucius the Eternal,Astartes,2
"Cecily, Haunted Mage // Sophina, Spearsage Deserter",Astartes,1
"Ishai, Ojutai Dragonspeaker // Vial Smasher the Fierce",Astartes,1
Belisarius Cawl,Astartes,1
"Karlach, Fury of Avernus // Haunted One",Barbarians,99
Balthor the Stout,Barbarians,50
"Karlach, Fury of Avernus",Barbarians,3
"Karlach, Fury of Avernus // Folk Hero",Barbarians,2
"Karlach, Fury of Avernus // Popular Entertainer",Barbarians,1
"Jurin, Leading the Charge",Barbarians,1
"Karlach, Fury of Avernus // Tavern Brawler",Barbarians,1
"Tocasia, Dig Site Mentor",Surveil,2
"Elmar, Ulvenwald Informant // Wernog, Rider's Chaplain",Experience Counters,1
"Tyrox, Saurid Tyrant",Vanilla,2
Jasmine Boreal,Vanilla,2
Lady Orca,Vanilla,1
"Bruse Tarl, Boorish Herder // Ishai, Ojutai Dragonspeaker",Vanilla,1
"Erinis, Gloom Stalker // Scion of Halaster",Vanilla,1
"Shaun, Father of Synths",Vanilla,1
"Raff, Weatherlight Stalwart",Vanilla,1
"Ishai, Ojutai Dragonspeaker // Sidar Kondo of Jamuraa",Vanilla,1
The Ninth Doctor // Vislor Turlough,Extra Upkeeps,2
The Ninth Doctor // Graham O'Brien,Extra Upkeeps,2
"Nadier, Agent of the Duskenel // Sidar Kondo of Jamuraa",Hare Apparent,1
"Ikra Shidiqi, the Usurper // Livio, Oathsworn Sentinel",Hare Apparent,1
"Fblthp, the Lost",Creatureless,3
"Thrun, the Last Troll",Creatureless,2
"Livio, Oathsworn Sentinel // Ludevic, Necro-Alchemist",Gnomes,1
Zoyowa Lava-Tongue,Descend,33
"Akiri, Line-Slinger // Sakashima of a Thousand Faces",Descend,1
"Garna, Bloodfist of Keld",Berserkers,54
Arni Brokenbrow,Berserkers,2
"Bruse Tarl, Boorish Herder // Vial Smasher the Fierce",Berserkers,1
"Kamahl, Heart of Krosa // Vial Smasher the Fierce",Berserkers,1
"Ikra Shidiqi, the Usurper // Vial Smasher the Fierce",Berserkers,1
"Lyzolda, the Blood Witch",Berserkers,1
"Urgoros, the Empty One",Specters,8
Nicol Bolas,Specters,6
"Garza Zol, Plague Queen",Specters,1
Ascendant Evincar,Mercenaries,8
"Craig Boone, Novac Guard",Mercenaries,1
"Jeska, Thrice Reborn // Tevesh Szat, Doom of Fools",Mercenaries,1
Commander Greven il-Vec,Mercenaries,1
Cult of Skaro,Daleks,7
"Tymaret, Chosen from Death",Daleks,1
"The Master, Gallifrey's End",Daleks,1
Balthor the Defiled,Minions,23
Kaysa,Old School,2
"Radiant, Archangel",Old School,2
Gabriel Angelfire,Lure,3
"Barrin, Master Wizard",Old School,2
Rasputin Dreamweaver,Old School,2
"Reveka, Wizard Savant",Old School,1
Eron the Relentless,Old School,1
Phage the Untouchable,Self-Destruct,2
The Fourteenth Doctor // Donna Noble,Lure,2
Ragnar,Lure,2
"Nahiri, the Lithomancer",Kor,27
"Akiri, Line-Slinger // Ardenn, Intrepid Archaeologist",Kor,24
"Ardenn, Intrepid Archaeologist",Kor,3
"Akiri, Line-Slinger // Tevesh Szat, Doom of Fools",Kor,2
"Akiri, Line-Slinger",Kor,1
"Ardenn, Intrepid Archaeologist // Rebbec, Architect of Ascension",Kor,1
"Ardenn, Intrepid Archaeologist // Sidar Kondo of Jamuraa",Kor,1
"Ardenn, Intrepid Archaeologist // Esior, Wardwing Familiar",Kor,1
"Akiri, Line-Slinger // Falthis, Shadowcat Familiar",Kor,1
"Akiri, Line-Slinger // Toggo, Goblin Weaponsmith",Kor,1
"Hallar, the Firefletcher",Kicker,46
"Verazol, the Split Current",Kicker,43
Verix Bladewing,Kicker,1
"Llawan, Cephalid Empress",Color Hack,3
"Perrie, the Pulverizer",Charge Counters,6
"Zimone, Paradox Sculptor",Charge Counters,5
"Kurkesh, Onakke Ancient",Charge Counters,4
"Lae'zel, Vlaakith's Champion // Clan Crafter",Charge Counters,1
"Fluros of Myra's Marvels // Jeska, Thrice Reborn",Saboteurs,1
"Sita Varma, Masked Racer",Saboteurs,1
Zurgo Stormrender,Myriad,3
"Naomi, Pillar of Order",Myriad,1
"Karlach, Fury of Avernus // Inspiring Leader",Myriad,1
"Greensleeves, Maro-Sorcerer",Reach,1
"Shigeki, Jukai Visionary",Turbo Fog,2
"Gilraen, Dúnedain Protector",Turbo Fog,1
Kei Takahashi,Turbo Fog,1
Blind Seer,Color Hack,8
"Rasputin, the Oneiromancer",Color Hack,2
Spirit of the Night,Color Hack,1
"Caradora, Heart of Alacria",Mount,20
"Samut, the Driving Force",Mount,7
"Calamity, Galloping Inferno",Mount,2
"Loot, the Pathfinder",Mount,1
"Lagorin, Soul of Alacria",Mount,1
"Torens, Fist of the Angels",Mount,1
Taniwha,Phasing,3
"Teysa, Envoy of Ghosts",Phasing,1
"Linvala, the Preserver",Phasing,1
"Ghost of Ramirez DePietro // Ravos, Soultender",Phasing,1
Chromium,Phasing,1
Ayesha Tanaka,Banding,4
General Jarkeld,Banding,3
"Glorfindel, Dauntless Rescuer",Banding,2
"Plargg, Dean of Chaos",Banding,1
"Hargilde, Kindly Runechanter // Othelm, Sigardian Outcast",Banding,1
"Guan Yu, Sainted Warrior",Banding,1
"Armix, Filigree Thrasher // Kydele, Chosen of Kruphix",Hellbent,1
"Rosnakht, Heir of Rohgahh",Heroic,6
"Brigone, Soldier of Meletis",Heroic,4
"Mavinda, Students' Advocate",Heroic,2
"Syr Armont, the Redeemer",Heroic,1
"Anthousa, Setessan Hero",Heroic,1
The Twelfth Doctor // Bill Potts,Heroic,1
"Tidus, Yuna's Guardian",Oil Counters,1
The Fifteenth Doctor // Tegan Jovanka,Improvise,2
The Fifteenth Doctor // Sarah Jane Smith,Improvise,2
"Nick Valentine, Private Eye",Improvise,1
"Silas Renn, Seeker Adept // Toggo, Goblin Weaponsmith",Improvise,1
The Speed Demon,Day / Night,1
"Nezahal, Primal Tide",Whales,1
"Daxos, Blessed by the Sun",Whales,1
"Gollum, Obsessed Stalker",Skulk,6
Rasaad yn Bashir // Scion of Halaster,Skulk,3
"The Master, Mesmerist",Skulk,2
"Bruse Tarl, Boorish Herder // Kamahl, Heart of Krosa",Goats,2
Sidar Kondo of Jamuraa // Vial Smasher the Fierce,Goats,1
"Maeve, Insidious Singer",Goats,1
"Roxi, Publicist to the Stars",Stickers,2
"""Brims"" Barone, Midway Mobster",Stickers,1
Hazduhr the Abbot,Templar Knights,1
"Akroma, Vision of Ixidor",Templar Knights,1
"Cecil, Dark Knight",Templar Knights,1
"Ravos, Soultender // Sidar Kondo of Jamuraa",Templar Knights,1
"Shiko, Paragon of the Way",Evoke,1
"Eshki, Temur's Roar",Evoke,1
"Gorex, the Tombshell",Evoke,1
Colonel Autumn,Exploit,5
"Henry Wu, InGen Geneticist",Exploit,4
Sheoldred,Exploit,1
"Baeloth Barrityl, Entertainer // Agent of the Iron Throne",Squad,1
